Date,Open,High,Low,Close,Volume,5MA,30MA,90MA,golden_cross_5MA_30MA,golden_cross_5MA_90MA,golden_cross_30MA_90MA
2018-01-04,40597.55,41686.71,40308.39,41648.14,3027117,41648.14,41648.14,41648.14,,,
2018-01-05,42024.05,42043.32,40963.8,41069.83,2587424,41358.985,41358.985,41358.985,,,
2018-01-09,41445.73,41898.74,41156.58,41580.67,2305432,41432.88,41432.88,41432.88,,,
2018-01-10,41821.64,42698.75,41445.73,42631.28,2538351,41732.479999999996,41732.479999999996,41732.479999999996,,,
2018-01-11,42274.65,42544.53,42120.43,42525.25,1611862,41891.034,41891.034,41891.034,,,
2018-01-12,42804.77,43431.28,42718.02,43007.18,2428376,42162.84199999999,42077.05833333333,42077.05833333333,42077.05833333333,42077.05833333333,
2018-01-15,43363.81,43691.52,43036.1,43238.5,2006113,42596.57599999999,42242.97857142857,42242.97857142857,,,
2018-01-16,43277.06,43585.48,42698.75,43479.47,1943343,42976.33599999999,42397.53999999999,42397.53999999999,,,
2018-01-17,42987.9,43758.98,42968.63,43652.96,2014620,43180.671999999984,42537.03111111111,42537.03111111111,,,
2018-01-18,44587.9,45108.39,44144.53,44684.28,4720423,43612.47799999999,42751.755999999994,42751.755999999994,,,
2018-01-19,45330.06,46631.27,45320.42,46573.44,5289181,44325.729999999996,43099.181818181816,43099.181818181816,,,
2018-01-22,46409.58,47421.63,46371.03,46698.74,3980789,45017.77799999999,43399.145,43399.145,,,
2018-01-23,46650.55,47971.03,46477.05,47797.54,4044076,45881.391999999985,43737.48307692307,43737.48307692307,,,
2018-01-24,47807.17,48173.43,46216.82,46881.87,4103109,46527.17399999999,43962.082142857136,43962.082142857136,,,
2018-01-25,45956.57,46689.1,45532.47,46043.33,3250595,46798.98399999999,44100.83199999999,44100.83199999999,,,
2018-01-26,46621.63,46785.5,46178.26,46486.69,2170452,46781.634,44249.948124999995,44249.948124999995,,,
2018-01-29,46708.38,46843.33,46033.69,46168.62,1763440,46675.61,44362.81117647058,44362.81117647058,,,
2018-01-30,46072.23,46072.23,45310.79,45310.79,2107061,46178.259999999995,44415.47666666666,44415.47666666666,,,
2018-01-31,44915.61,46814.4,44886.7,46236.09,3271760,46049.10399999999,44511.29842105263,44511.29842105263,,,
2018-02-01,47999.94,47999.94,45542.11,46477.05,6606186,46135.84799999998,44609.585999999996,44609.585999999996,,,
2018-02-02,46689.1,46987.9,45252.96,45465.01,3452492,45931.51199999999,44650.32047619048,44650.32047619048,,,
2018-02-05,44462.59,45465.01,44395.12,45214.4,2571861,45740.66799999999,44675.96045454546,44675.96045454546,,,
2018-02-06,43190.31,44067.42,41561.4,42862.6,5537973,45251.029999999984,44597.11869565217,44597.11869565217,,,
2018-02-07,44337.29,44954.17,43277.06,43286.7,3813854,44661.15199999999,44542.517916666664,44542.517916666664,,,
2018-02-08,43373.45,43469.82,42120.43,42718.02,3531447,43909.34599999998,44469.538,44469.538,,,
2018-02-09,40877.07,41792.72,40674.65,41763.81,3486626,43169.105999999985,44365.47153846154,44365.47153846154,,,
2018-02-13,42602.36,43672.24,42419.23,42795.13,3515572,42685.251999999986,44307.31074074074,44307.31074074074,,,
2018-02-14,42968.63,43518.02,42284.29,42708.38,3100572,42654.40799999998,44250.20607142856,44250.20607142856,,,
2018-02-15,43383.08,44250.55,43296.33,44183.08,3221545,42833.68399999999,44247.89137931034,44247.89137931034,,,
2018-02-16,44501.15,44578.26,43903.57,44183.08,2253660,43126.69599999999,44245.731,44245.731,,,
2018-02-19,44375.86,45098.74,44240.92,45098.74,1929545,43793.681999999986,44360.751000000004,44273.24741935483,,,44273.24741935483
2018-02-20,44905.97,45638.51,44790.3,45262.59,2383244,44287.173999999985,44500.509666666665,44304.164375,,,
2018-02-21,45407.18,46207.18,45012.0,46043.33,3174546,44954.16399999999,44649.26500000001,44356.86636363636,44649.26500000001,44356.86636363636,
2018-02-22,45879.46,46332.48,45175.86,45474.64,2739107,45212.47599999999,44744.04366666667,44389.742058823525,,,
2018-02-23,45831.27,46669.83,45802.36,46612.0,3052847,45698.25999999999,44880.26866666667,44453.23514285714,,,
2018-02-26,47180.67,47681.87,46756.57,47007.17,2830719,46079.94599999998,45013.60166666667,44524.177777777775,,,
2018-02-27,47614.4,47980.67,47238.5,47643.32,3329964,46556.09199999999,45160.429000000004,44608.47891891892,,,
2018-02-28,47460.19,47701.15,47055.37,47305.97,2812043,46808.61999999998,45287.97900000001,44679.46552631579,,,
2018-03-01,46746.93,46901.16,46332.48,46448.14,2446221,47003.319999999985,45381.151666666665,44724.81615384615,,,
2018-03-02,45397.54,47016.82,45378.26,46843.33,3237626,47049.58599999999,45453.12,44777.778999999995,,,
2018-03-05,46612.0,46679.46,44289.1,44452.95,3728053,46538.74199999999,45382.437000000005,44769.85634146341,,,
2018-03-06,45571.04,46438.51,45474.64,45802.36,3339821,46170.54999999999,45352.557666666675,44794.43976190476,,,
2018-03-07,45349.35,45445.73,44375.86,44433.69,3347705,45596.09399999999,45240.42933333334,44786.05023255814,,,
2018-03-08,45339.71,46236.09,45127.66,46236.09,2915482,45553.68399999999,45218.903333333335,44819.005681818184,,,
2018-03-09,46987.9,47228.86,45918.03,46371.03,3623473,45459.22399999999,45229.82666666667,44853.495111111115,,,
2018-03-12,47180.67,47383.08,46419.22,46650.55,2601016,45898.743999999984,45235.288666666675,44892.56152173913,,,
2018-03-13,46313.2,47026.45,46091.52,47016.82,1992521,46141.635999999984,45263.562000000005,44937.7585106383,,,
2018-03-14,46650.55,46910.79,46216.82,46477.05,1785435,46550.30799999998,45302.437333333335,44969.82708333333,,,
2018-03-15,46351.75,47402.35,46342.11,47267.41,2411775,46756.57199999999,45336.814666666665,45016.71653061224,,,
2018-03-16,47460.19,48077.05,47199.94,47219.22,3409436,46926.20999999999,45361.55366666666,45060.7666,,,
2018-03-19,47354.16,47710.78,46428.86,46573.44,2690552,46910.788,45398.501333333326,45090.4268627451,,,
2018-03-20,46139.7,46525.25,45474.64,46486.69,2943807,46804.762,45440.91099999999,45117.278076923074,,,
2018-03-22,46785.5,47305.97,46534.88,47209.58,2520402,46951.268000000004,45585.81033333333,45156.75547169811,,,
2018-03-23,45975.86,46322.85,45705.97,45946.93,2718356,46687.172000000006,45674.48466666666,45171.388333333336,,,
2018-03-26,45542.11,45725.24,44318.02,45677.05,3378207,46378.738000000005,45773.11899999999,45180.58218181818,,,
2018-03-27,46351.75,46824.04,45686.7,46158.99,3128792,46295.84800000001,45919.62499999999,45198.05375000001,,,
2018-03-28,45478.75,45974.34,45002.58,45332.98,2845329,46065.10600000001,46004.219999999994,45200.420877192984,,,
2018-03-29,45556.48,45653.66,45041.45,45342.7,1982674,45691.73,46092.030666666666,45202.87396551725,,,
2018-03-30,45653.66,46081.24,45391.28,45537.05,2267311,45609.754,46137.16299999999,45208.5379661017,,,
2018-04-02,45673.1,46596.28,45614.79,46372.77,1848487,45748.89800000001,46210.15266666666,45227.94183333334,,,
2018-04-03,45498.18,45575.93,44798.51,44963.71,2958834,45509.84200000002,46205.65166666666,45223.61016393443,,,
2018-04-04,45235.8,45313.55,43904.48,44021.1,2716286,45247.46600000001,46164.26866666666,45204.21483870968,,,
2018-04-05,44477.83,44847.09,43817.02,44196.01,2206185,45018.128000000004,46102.69133333333,45188.21158730159,,,
2018-04-06,43710.12,44244.6,43214.53,43855.89,2516650,44681.89600000001,46048.73299999999,45167.3940625,,,
2018-04-09,43438.03,44487.54,43175.66,44234.88,1929987,44254.318000000014,45969.495666666655,45153.04769230769,,,
2018-04-10,44477.83,44536.13,43700.41,43778.15,2185604,44017.20600000001,45861.86166666666,45132.21590909091,,,
2018-04-11,44021.1,44322.34,43428.31,43428.31,1738377,43898.648000000016,45721.36133333332,45106.78447761194,,,
2018-04-12,43729.56,43943.35,43438.03,43467.19,1495007,43752.884000000005,45593.40199999999,45082.67279411765,,,
2018-04-13,43885.05,44302.91,43671.26,44001.65,1615921,43782.03600000001,45511.85233333332,45067.00579710145,,,
2018-04-16,44118.27,44166.86,43350.58,43408.88,1371521,43616.83600000001,45397.37066666665,45043.31828571428,,,
2018-04-17,43195.09,43787.87,42923.0,43165.93,1607071,43494.39200000001,45354.46999999998,45016.8761971831,,,
2018-04-18,43165.93,43340.86,42446.82,43185.38,2375464,43445.80600000001,45267.23733333331,44991.43875,,,
2018-04-19,43292.26,43622.67,42845.25,42913.28,1552531,43335.02400000001,45216.55699999998,44962.97082191781,,,
2018-04-20,42884.12,44691.61,42835.53,44604.16,3242749,43455.52600000001,45162.1593333333,44958.12202702703,,,
2018-04-23,44720.77,45128.9,44254.32,44992.86,2855929,43772.32200000001,45116.22033333331,44958.585199999994,,,
2018-04-24,45148.35,45255.24,44720.77,44992.86,2008607,44137.708000000006,45060.96399999997,44959.03618421052,,,
2018-04-25,44681.89,45158.07,44604.16,45060.89,1901895,44512.81000000001,44995.766333333304,44960.35896103895,,,
2018-04-26,45060.89,45109.47,43885.05,44147.42,2593623,44759.638000000006,44918.111999999965,44949.93666666666,,,
2018-04-27,43729.56,45430.16,43700.41,44866.54,3396284,44812.11400000001,44838.08299999997,44948.881012658225,,,
2018-05-01,45177.5,45430.16,44730.49,44856.81,1701332,44784.904,44759.335999999974,44947.730124999995,44759.335999999974,,
2018-05-02,44856.81,45255.24,44759.64,44876.25,1419269,44761.58200000001,44702.76299999997,44946.84765432098,,,
2018-05-07,45216.37,45274.67,44944.27,45226.08,1289917,44794.62000000001,44660.74266666664,44950.252926829264,,,
2018-05-08,45284.4,45906.32,45167.78,45906.32,1591429,45146.40000000001,44617.30066666664,44961.77180722891,,44961.77180722891,
2018-05-09,45896.61,46129.83,44866.54,44934.55,1788493,45160.00200000001,44583.55466666665,44961.44773809523,,,
2018-05-10,45070.6,45245.52,43923.92,44215.45,1756694,45031.73,44534.83466666665,44952.671294117645,,,
2018-05-11,44419.51,44895.69,44264.03,44798.51,1291872,45016.18200000001,44489.48533333331,44950.878720930225,,,
2018-05-14,44866.54,44895.69,44409.8,44623.59,1023289,44895.683999999994,44465.838999999985,44947.116781609184,,,
2018-05-15,44808.22,44992.86,44526.41,44701.33,916474,44654.686,44444.459999999985,44944.32374999999,,,
2018-05-16,44944.27,45012.3,44536.13,44575.0,1094088,44582.776,44412.39166666665,44940.174044943815,,,
2018-05-17,44711.04,45323.26,44419.51,45264.95,1466811,44792.676,44375.464333333315,44943.78266666666,,,
2018-05-18,45371.85,45381.57,44293.18,44409.8,1869067,44714.933999999994,44357.00066666665,44974.46777777777,,,
2018-05-21,44137.7,44157.15,43146.5,43243.68,2280174,44438.952,44331.08666666665,44998.62166666666,,,
2018-05-22,43243.68,43535.21,42505.14,43059.05,1817409,44110.496,44293.18799999998,45015.0481111111,,,
2018-05-23,42563.44,42952.15,42077.56,42301.06,2013443,43655.708,44241.36033333332,45011.37899999999,,,
2018-05-24,41698.57,41999.81,41232.12,41309.86,2460052,42864.68999999999,44143.85966666666,44997.874666666656,,,
2018-05-25,40872.56,41630.55,40532.45,41270.99,2341299,42236.92799999999,44060.28766666666,44978.58366666666,,,
2018-05-28,40717.08,40979.46,40347.8,40425.55,1769558,41673.30199999999,43960.19566666666,44947.32866666665,,,
2018-05-29,40629.62,41358.45,40493.58,41202.97,1548518,41302.08599999999,43884.721666666665,44922.03422222221,,,
2018-05-30,40911.43,42991.02,40775.39,42991.02,4536062,41440.07799999999,43851.034,44914.679333333326,,,
2018-05-31,43438.03,43729.56,42378.81,43729.56,2871158,41924.01799999998,43861.72333333334,44904.071333333326,,,
2018-06-01,43253.4,43311.71,41980.38,41980.38,2244157,42065.895999999986,43822.205,44853.03733333333,,,
2018-06-04,41309.86,41543.08,39327.45,39327.45,4129895,41846.27599999999,43693.60733333334,44771.1341111111,,,
2018-06-05,39560.68,40406.12,39395.48,39706.44,3594788,41546.96999999999,43586.71266666667,44681.23299999999,,,
2018-06-06,39745.31,39793.91,38054.44,38491.73,3674745,40647.111999999994,43382.965000000004,44588.009222222216,,,
2018-06-07,38384.84,39871.64,38297.38,39813.34,3111854,39863.867999999995,43210.314333333336,44518.7871111111,,,
2018-06-08,39842.49,40697.65,39842.49,40415.83,2273793,39550.958,43057.74666666667,44451.333111111104,,,
2018-06-11,40289.5,40668.5,39648.14,40464.42,1493773,39778.35199999999,42904.531,44387.9531111111,,,
2018-06-12,40619.9,40619.9,39793.91,40532.45,1792711,39943.55399999999,42784.03200000001,44334.860444444435,,,
2018-06-13,39473.22,39521.81,37277.03,38015.57,5727601,39848.32199999999,42555.66633333334,44243.52133333332,,,
2018-06-14,36927.18,37053.52,36081.75,36081.75,4621267,39102.00399999999,42263.16433333334,44128.01799999999,,,
2018-06-15,36616.22,37267.31,36392.71,36693.97,3315297,38357.632,41990.42166666667,44030.562,,,
2018-06-18,36917.47,37102.1,35770.78,35926.26,2453775,37450.0,41680.42766666667,43927.360444444435,,,
2018-06-19,35420.94,35916.55,34905.91,35041.96,2490306,36351.902,41318.28233333333,43840.464444444435,,,
2018-06-20,34556.07,35712.48,34342.28,35615.3,2858295,35871.848,41007.640666666666,43755.226666666655,,,
2018-06-21,36246.94,36480.17,34915.63,35683.32,2960995,35792.162,40723.236333333334,43677.06333333332,,,
2018-06-22,35469.54,35945.7,35100.26,35450.1,2101016,35543.388,40411.62266666667,43606.910999999986,,,
2018-06-25,35178.01,35547.27,34983.65,35090.54,1193083,35376.244,40093.85433333334,43521.30444444443,,,
2018-06-26,34983.65,35391.79,34556.07,35051.68,1699171,35378.188,39772.19933333333,43436.22999999999,,,
2018-06-27,34983.65,35469.54,34517.2,34546.35,1629298,35164.398,39437.911,43329.155222222216,,,
2018-06-28,34507.48,35100.26,34118.77,35012.81,1606556,35030.295999999995,39096.173,43227.26333333332,,,
2018-06-29,35343.2,35498.69,34604.66,35178.01,1507664,34975.878,38788.44666666667,43117.03299999999,,,
2018-07-02,34896.19,35547.27,34633.81,34740.71,1458681,34905.912,38505.01433333334,43000.12322222221,,,
2018-07-03,34993.36,35595.87,34750.43,35401.51,1899219,34975.878,38249.763000000006,42881.88077777776,,,
2018-07-04,35012.81,35080.83,33253.9,33535.71,3128730,34773.74999999999,37957.58466666667,42749.22599999998,,,
2018-07-05,33341.36,34283.97,33253.9,33768.94,2205670,34524.975999999995,37706.22066666666,42606.52533333332,,,
2018-07-06,33856.4,34070.19,32942.94,33739.79,2342432,34237.331999999995,37455.18066666667,42459.109999999986,,,
2018-07-09,34011.88,34643.53,33856.4,34594.95,1449523,34208.18,37260.82733333333,42314.1281111111,,,
2018-07-10,35032.24,35216.87,34371.44,34507.48,1567040,34029.373999999996,37037.64433333333,42171.92266666665,,,
2018-07-11,34342.28,34711.55,33973.01,34517.2,1401157,34225.672000000006,36755.18366666666,42039.35666666665,,,
2018-07-12,34711.55,35022.52,34225.67,34808.73,1377901,34433.630000000005,36457.82266666666,41905.638888888876,,,
2018-07-13,35168.29,35663.89,34993.36,35450.1,1800121,34775.692,36240.14666666666,41805.60722222221,,,
2018-07-17,36509.32,36810.57,35731.91,36334.41,2614409,35123.58400000001,36140.378666666664,41700.407777777764,,,
2018-07-18,36771.7,36898.03,35401.51,35595.87,2403557,35341.262,36003.35966666667,41602.20977777777,,,
2018-07-19,35741.63,36305.26,35508.4,36130.34,1618699,35663.89,35924.646666666675,41489.923666666655,,,
2018-07-20,36237.23,36373.28,35897.11,36266.38,1423488,35955.42,35806.414666666664,41377.64977777777,35806.414666666664,,
2018-07-23,35897.11,36052.6,35284.9,35343.2,1262132,35934.03999999999,35637.327,41252.01255555555,,,
2018-07-24,35216.87,36013.73,34983.65,35984.57,1511574,35864.072,35487.99866666667,41129.43199999999,,,
2018-07-25,35858.25,36178.93,35595.87,36101.18,1313276,35965.134,35340.289666666664,41014.144555555555,,,
2018-07-26,36392.71,37111.82,36198.36,36519.04,2063764,36042.873999999996,35290.40533333333,40894.71822222222,,,
2018-07-27,36868.88,37092.38,36625.94,36830.01,1433264,36155.6,35315.34733333333,40779.28255555555,,,
2018-07-30,36587.07,36946.62,36256.66,36480.17,1175281,36382.99399999999,35308.22066666666,40667.1351111111,,,
2018-07-31,35799.93,36382.99,35129.41,35722.2,2987544,36330.52,35301.41866666666,40547.52966666666,,,
2018-08-01,36927.18,38219.63,36645.37,37996.13,4719028,36709.509999999995,35399.89099999999,40445.15799999999,,,
2018-08-02,37947.54,38073.87,36810.57,37140.98,2853047,36833.898,35450.74699999999,40347.3141111111,,,
2018-08-03,37471.38,38025.28,37072.95,37179.85,2216373,36903.865999999995,35500.631333333324,40252.90077777777,,,
2018-08-06,37179.85,37257.59,35848.53,35848.53,2282438,36777.538,35513.91233333332,40138.3401111111,,,
2018-08-07,35955.42,36276.11,35683.32,36188.64,1321303,36870.826,35550.51566666665,40036.73633333332,,,
2018-08-08,36130.34,36188.64,35488.97,36072.03,1436248,36486.006,35584.52733333332,39933.72888888887,,,
2018-08-09,35576.43,36392.71,35518.12,36344.12,1295885,36326.634,35644.45299999999,39831.58522222221,,,
2018-08-10,36324.69,36392.71,35430.67,35469.54,1466914,35984.572,35659.67733333332,39710.43822222221,,,
2018-08-13,35080.83,35100.26,34420.02,34672.68,1766574,35749.401999999995,35642.832999999984,39596.093444444436,,,
2018-08-14,34789.3,34993.36,34604.66,34896.19,995916,35490.912,35648.01566666665,39494.70555555554,,,
2018-08-15,34789.3,34789.3,33477.41,33866.11,2131682,35049.727999999996,35596.83566666665,39379.92888888888,,,
2018-08-16,32942.94,34157.65,32777.74,33526.0,2617600,34486.104,35596.51199999999,39265.152333333324,,,
2018-08-17,33526.0,34497.77,33312.21,34439.46,1866701,34280.087999999996,35618.86266666665,39156.31433333332,,,
2018-08-20,34400.59,35712.48,34361.72,35634.73,2191263,34472.498,35682.02733333332,39065.83188888888,,,
2018-08-21,35634.73,36237.23,35362.64,35955.42,2251051,34684.344,35727.37633333332,38982.799777777764,,,
2018-08-22,35819.37,36548.19,35799.93,36499.61,1686411,35211.043999999994,35793.78066666666,38905.38222222221,,,
2018-08-23,36703.68,36898.03,36314.97,36344.12,1475661,35774.66799999999,35854.67799999999,38820.29855555555,,,
2018-08-24,36538.47,36800.85,36441.3,36800.85,1363391,36246.945999999996,35921.082,38746.876,35921.082,,
2018-08-27,36898.03,37830.93,36888.32,37753.19,1984218,36670.63799999999,35997.85166666666,38686.73444444443,,,
2018-08-28,37889.24,38122.46,37432.51,37578.27,1767294,36995.208,36039.31366666666,38624.433222222215,,,
2018-08-29,37471.38,38200.2,37471.38,38122.46,1740538,37319.77799999999,36123.533333333326,38571.201888888885,,,
2018-08-30,38482.01,38861.01,38229.35,38861.01,3780017,37823.155999999995,36214.55566666666,38507.3891111111,,,
2018-08-31,38394.56,39171.97,38064.15,39026.2,2459126,38268.225999999995,36306.54966666666,38441.09288888888,,,
2018-09-03,38870.72,39405.2,38676.37,38958.19,2029496,38509.225999999995,36427.04933333332,38374.041,,38374.041,
2018-09-04,39016.49,39035.92,38132.18,38627.78,1809486,38719.128,36515.156333333325,38302.56199999999,,,
2018-09-05,38482.01,38899.87,38219.63,38530.61,1546460,38800.758,36596.13733333333,38240.15299999999,,,
2018-09-06,37082.67,37733.75,36645.37,37140.98,3334644,38456.752,36616.86866666666,38154.31344444444,,,
2018-09-07,36606.5,37607.42,36538.47,37442.22,1807221,38139.956000000006,36637.27566666666,38071.9291111111,,,
2018-09-10,37393.63,37792.06,37092.38,37549.12,1412477,37858.14200000001,36672.90733333333,37990.51655555555,,,
2018-09-11,37792.06,38239.07,37626.86,38044.72,1341576,37741.530000000006,36750.32466666667,37910.72366666666,,,
2018-09-12,38647.21,38812.42,38112.75,38229.35,1494492,37681.278000000006,36758.09866666667,37825.424,,,
2018-09-13,38239.07,38734.67,37481.09,37646.29,1583094,37782.340000000004,36774.94233333334,37744.44333333333,,37744.44333333333,
2018-09-14,37082.67,37286.74,36499.61,37053.52,2125919,37704.6,36770.73133333334,37664.86633333333,,,
2018-09-18,37218.71,38239.07,36946.62,37947.54,1944599,37784.284,36840.69833333334,37588.74444444444,,,
2018-09-19,38433.43,38929.02,38345.96,38870.72,2092784,37949.484000000004,36930.10100000001,37524.82366666667,,,
2018-09-20,39210.84,40814.26,39084.51,40736.51,4406195,38450.916000000005,37085.58366666667,37480.77011111111,,,
2018-09-21,40522.73,41164.09,40221.48,40542.16,2960995,39030.090000000004,37225.51833333333,37435.96077777778,,,
2018-09-25,39939.67,40464.42,39755.03,40425.55,1987305,39704.496,37390.71866666667,37382.189666666665,,,37382.189666666665
2018-09-26,40522.73,40901.71,40017.41,40231.2,1906216,40161.227999999996,37576.00266666667,37335.76077777778,,,
2018-09-27,40299.22,40532.45,39618.98,39677.29,1689292,40322.542,37735.37266666667,37296.13422222222,,,
2018-09-28,40124.3,40493.58,39910.51,40289.5,1664492,40233.14,37949.48566666667,37265.36144444445,,,
2018-10-01,40425.55,41037.76,40328.37,40853.13,1814013,40295.333999999995,38193.723333333335,37249.27333333333,,,
2018-10-02,41202.97,41348.73,40814.26,40989.18,1666652,40408.06,38412.04733333333,37245.710222222224,,,
2018-10-03,41096.07,41134.94,40163.17,40163.17,1705551,40394.45399999999,38562.99533333333,37233.40111111111,,,
2018-10-04,40590.75,40853.13,39560.68,39638.41,2688193,40386.67799999999,38685.761666666665,37224.65511111112,,,
2018-10-05,39356.6,40124.3,39298.3,40017.41,1625902,40332.259999999995,38803.02166666665,37211.48222222223,,,
2018-10-09,39920.23,39920.23,38861.01,39006.77,1718311,39962.98799999999,38891.77666666665,37167.21277777778,,,
2018-10-10,39171.97,39424.63,38316.81,38773.54,1583403,39519.85999999999,38957.53299999998,37112.145888888896,,,
2018-10-11,36975.78,37811.49,36868.88,37558.84,2086609,38998.99399999999,38951.054666666656,37063.01766666667,,,
2018-10-12,37315.89,39016.49,37296.46,38870.72,1914037,38845.45599999999,38994.13633333332,37057.942888888894,,,
2018-10-15,38540.32,38618.06,37966.98,38083.59,1428530,38458.691999999995,38992.840666666656,37039.911222222225,,,
2018-10-16,37898.95,38520.89,37821.22,38413.99,1252151,38340.13599999999,38977.93999999999,37039.04744444445,,,
2018-10-17,38870.72,39094.23,38540.32,38647.21,1238876,38314.86999999999,38965.30699999999,37026.09044444445,,,
2018-10-18,38763.83,39045.64,38452.86,38520.89,1067025,38507.279999999984,38950.730333333326,37005.035555555565,,,
2018-10-19,37898.95,37908.67,36635.65,36995.21,2530748,38132.177999999985,38896.311333333324,36966.488777777784,,,
2018-10-22,36441.3,37228.43,36081.75,36975.78,1541623,37910.61599999999,38844.48366666665,36926.970222222226,,,
2018-10-23,36732.83,37199.28,36295.54,36460.74,1172090,37519.965999999986,38821.80899999999,36909.69433333334,,,
2018-10-24,36732.83,36810.57,36091.46,36091.46,1409081,37008.815999999984,38776.78366666665,36909.80222222223,,,
2018-10-25,34730.99,35527.84,34439.46,34449.18,2054502,36194.47399999999,38673.45233333331,36884.86011111112,,,
2018-10-26,35032.24,35304.34,32933.22,33827.24,2434840,35560.87999999999,38532.869666666644,36861.53766666668,,,
2018-10-29,34497.77,34653.25,33205.32,33691.2,1966004,34903.963999999985,38381.597999999976,36846.529222222234,,,
2018-10-30,33331.65,34449.18,33020.67,34254.82,1777071,34462.779999999984,38268.54899999998,36831.41277777779,,,
2018-10-31,34429.74,34478.33,32661.13,34167.37,3435388,34077.961999999985,38172.343999999975,36814.568888888905,,,
2018-11-01,34138.21,34594.95,33623.18,34322.85,1758856,34052.69599999999,38051.52099999998,36802.043888888904,,,
2018-11-02,34215.95,35168.29,34060.47,34954.5,1983190,34278.147999999994,37920.98033333332,36800.53233333335,,,
2018-11-05,34546.35,34847.6,33856.4,34002.16,1586387,34340.33999999999,37696.50199999998,36788.871000000014,,,
2018-11-06,34031.32,34507.48,33759.23,34342.28,1107054,34357.83199999999,37489.839333333315,36786.60355555557,,,
2018-11-07,34507.48,35518.12,34429.74,34973.93,2136724,34519.143999999986,37308.11866666665,36786.17155555557,,,
2018-11-08,35761.07,36441.3,35508.4,36373.28,1945834,34929.22999999999,37179.521333333316,36799.45233333335,,,
2018-11-09,36120.61,36499.61,35207.16,35411.22,1604499,35020.573999999986,37037.31899999998,36806.902444444466,,,
2018-11-12,35041.96,35819.37,35032.24,35265.46,1261721,35273.23399999998,36869.85099999998,36805.3907777778,,,
2018-11-13,34303.42,34750.43,33904.99,34556.07,1628578,35315.991999999984,36659.948999999986,36816.72811111113,,,
2018-11-14,34488.05,34575.5,34050.76,34371.44,1323567,35195.49399999999,36439.35766666665,36823.422555555575,,,
2018-11-15,34011.88,34371.44,33953.58,34060.47,1042429,34732.931999999986,36235.934333333316,36826.98566666669,,,
2018-11-16,33982.73,34235.39,30464.93,30960.53,5051206,33842.79399999999,35946.671666666654,36786.603222222235,,,
2018-11-19,31563.03,32486.21,31271.5,32165.52,2474459,33222.80599999999,35684.941999999995,36760.58144444446,,,
2018-11-20,31290.93,31388.11,30221.99,30338.59,3270225,32379.309999999987,35396.00266666666,36714.15244444446,,,
2018-11-21,29444.57,30649.57,29201.63,30144.24,3244602,31533.869999999984,35108.35933333333,36662.324777777794,,,
2018-11-22,30600.97,30727.3,29843.0,30523.24,2256814,30826.42399999998,34873.83933333333,36607.581888888904,,,
2018-11-26,31145.16,31912.87,31038.27,31407.54,2247244,30915.825999999983,34625.06666666666,36552.8388888889,,,
2018-11-27,31980.89,32126.65,31174.32,31757.38,1860012,30834.197999999986,34414.19299999999,36510.18900000001,,,
2018-11-28,32019.75,32748.59,31835.12,32554.23,1800121,31277.32599999999,34218.86766666666,36470.45444444446,,,
2018-11-29,33506.56,34206.24,33380.23,33875.84,3076660,32023.64599999999,34059.822,36443.892888888906,,,
2018-11-30,33904.99,33992.44,33166.44,33632.89,2870027,32645.57599999999,33896.88866666666,36424.88944444446,,,
2018-12-03,34070.19,34089.62,33419.1,33856.4,1483070,33135.34799999998,33792.261666666665,36401.24311111112,,,
2018-12-04,33360.8,33613.46,31971.17,32068.35,2949057,33197.54199999999,33628.68066666666,36356.4338888889,,,
2018-12-05,31290.93,32680.56,31242.34,32340.44,2027747,33154.783999999985,33491.33733333332,36310.00500000001,,,
2018-12-06,31883.71,32107.22,30678.72,31018.83,2633447,32583.38199999999,33322.249666666656,36245.436333333346,,,
2018-12-07,31417.26,31961.45,31038.27,31951.74,2231911,32247.15199999999,33239.001666666656,36195.12044444447,,,
2018-12-10,31271.5,32612.54,31271.5,31903.15,2206699,31856.50199999999,33174.86533333333,36152.68655555557,,,
2018-12-11,32175.24,32486.21,31621.34,31699.07,2145265,31782.64599999999,33108.46099999999,36082.71922222224,,,
2018-12-12,31592.18,32097.5,31368.68,31757.38,1796004,31666.033999999992,33025.212999999996,36022.90144444446,,,
2018-12-13,31873.99,32418.18,31485.29,31903.15,1846840,31842.897999999986,32949.738999999994,35964.27144444446,,,
2018-12-14,31922.58,32087.78,30377.47,31067.43,2552358,31666.035999999986,32841.225,35911.14811111113,,,
2018-12-17,31096.58,31475.56,30610.69,31164.6,1630019,31518.32599999999,32714.894999999997,35855.32544444446,,,
2018-12-18,30406.62,30455.21,29755.54,30115.09,2089491,31201.529999999988,32585.325999999994,35789.13722222224,,,
2018-12-19,30008.2,30095.66,28948.97,29153.04,2719270,30680.66199999999,32412.35133333333,35709.23633333335,,,
2018-12-20,28472.8,30153.96,28404.78,29357.11,3322501,30171.453999999987,32225.123999999993,35641.32044444446,,,
2018-12-21,29153.04,29357.11,28025.79,28205.57,2906455,29599.081999999988,31952.866999999987,35569.46366666668,,,
2018-12-25,27287.25,27777.99,26291.19,26986.0,3487046,28763.361999999986,31672.026333333324,35481.572666666674,,,
2018-12-26,27695.39,27831.44,26777.07,27321.26,3006170,28204.59599999999,31407.219666666657,35408.85211111112,,,
2018-12-27,28778.91,28866.37,28195.85,28482.52,2427328,28070.491999999987,31204.767999999993,35352.81344444445,,,
2018-12-28,28215.28,28623.43,28088.95,28458.23,2103898,27890.715999999993,31007.660999999996,35286.35533333334,,,
2019-01-04,27607.93,27821.72,26645.88,27238.65,2655984,27697.331999999988,30780.266999999996,35193.065555555564,,,
2019-01-07,28501.95,28914.96,28293.03,28832.36,1990495,28066.603999999992,30709.327999999994,35113.920444444455,,,
2019-01-08,28876.09,29347.39,28764.33,29172.48,1711005,28436.84799999999,30609.559999999994,35032.5078888889,,,
2019-01-09,29580.62,30105.38,29021.85,29862.43,1966725,28712.829999999994,30593.688,34960.48911111112,,,
2019-01-10,29493.16,29891.58,28895.52,28953.83,2079714,28811.949999999993,30554.00766666666,34873.30000000001,,,
2019-01-11,29395.99,29522.32,29133.61,29473.72,1236097,29258.963999999996,30519.02366666666,34781.3058888889,,,
2019-01-15,29765.25,31184.03,29745.82,30834.2,2954820,29659.331999999995,30499.912333333326,34706.37177777779,,,
2019-01-16,30941.1,31077.15,30231.71,31038.27,1865774,30032.48999999999,30475.941999999992,34627.65855555557,,,
2019-01-17,31456.13,32311.28,31242.34,32214.11,2770208,30502.82599999999,30464.60466666666,34553.80411111113,30464.60466666666,,
2019-01-18,31922.58,33059.55,31912.87,32894.35,2335948,31290.929999999993,30431.888333333325,34485.67244444446,,,
2019-01-21,33574.58,33652.33,32719.43,32787.46,1980411,31953.677999999993,30403.707333333325,34417.108777777794,,,
2019-01-22,32641.69,33010.96,32330.73,32748.59,1791271,32336.55599999999,30366.78033333332,34351.78444444446,,,
2019-01-23,32291.85,33001.24,32175.24,32729.14,1672313,32674.72999999999,30388.806666666656,34287.323666666685,,,
2019-01-24,32466.78,32942.94,32194.68,32923.5,1528246,32816.607999999986,30408.24199999999,34240.4627777778,,,
2019-01-25,32923.5,33195.6,32748.59,32933.22,1406817,32824.38199999998,30472.054999999993,34190.362777777795,,,
2019-01-28,32573.66,32631.97,31922.58,31980.89,1584226,32663.06799999999,30473.02666666666,34128.49355555558,,,
2019-01-29,31485.29,32515.36,31116.01,32515.36,2583332,32616.42199999999,30493.43366666666,34067.056222222236,,,
2019-01-30,32408.46,32554.23,32068.35,32214.11,1438204,32513.41599999999,30510.601666666662,34000.22022222223,,,
2019-01-31,32894.35,33496.85,32651.41,32874.91,2316396,32503.697999999993,30547.852666666662,33947.204888888904,,,
2019-02-01,31388.11,31815.69,29677.8,29852.72,4737242,31887.59799999999,30479.504999999994,33867.19600000002,,,
2019-02-04,30591.26,31669.92,30416.34,31349.24,3359856,31761.267999999993,30488.898666666657,33793.88155555558,,,
2019-02-05,31358.96,31514.44,30134.53,30358.04,2335125,31329.803999999993,30462.013333333325,33699.29622222224,,,
2019-02-06,30144.24,30173.4,28560.27,28672.02,3830956,30621.385999999988,30413.910999999996,33565.24633333335,,,
2019-02-07,28569.98,28842.08,27768.27,28487.38,3445884,29743.879999999986,30391.722333333328,33431.30433333335,,,
2019-02-08,28030.65,29002.42,28001.5,28453.37,2192293,29464.009999999987,30361.59766666666,33298.28011111113,,,
2019-02-12,28181.27,28759.47,27773.13,28409.64,2284289,28876.08999999999,30368.399999999998,33166.92944444447,,,
2019-02-13,28458.23,29298.81,28458.23,29148.18,1907656,28634.117999999988,30440.472666666665,33049.93933333336,,,
2019-02-14,29153.04,29454.29,28715.75,28968.41,1936470,28693.39599999999,30495.377666666664,32924.14944444447,,,
2019-02-15,28764.33,29133.61,28385.35,28424.22,2303019,28680.76399999999,30493.43433333333,32786.050444444474,,,
2019-02-18,28574.84,28910.1,28531.11,28837.22,1630533,28757.533999999992,30506.06733333333,32651.028666666694,,,
2019-02-19,28735.18,28808.07,28259.02,28545.69,1542240,28784.743999999995,30549.635333333328,32521.945555555583,,,
2019-02-20,28774.05,29007.28,28458.23,28837.22,1578875,28722.551999999996,30549.79733333333,32401.93233333336,,,
2019-02-21,29031.57,29395.99,28715.75,29060.72,1818849,28741.013999999996,30546.071999999993,32280.19133333336,,,
2019-02-22,29366.84,29464.01,28997.56,29182.19,1640207,28892.607999999997,30523.397333333323,32171.02933333336,,,
2019-02-25,29862.43,30416.34,29279.37,29464.01,3010389,29017.965999999997,30540.403333333325,32067.590111111134,,,
2019-02-26,29988.76,29998.48,29347.39,29609.77,1270570,29230.781999999996,30544.938333333328,31979.267111111138,,,
2019-02-27,29658.37,30542.67,29658.37,30445.49,2012929,29552.435999999994,30531.981333333326,31885.65344444447,,,
2019-02-28,30416.34,30455.21,29415.42,29580.62,2062735,29656.41599999999,30483.392999999993,31791.17600000003,,,
2019-03-01,29823.56,30202.55,29648.65,30017.91,1508282,29823.55999999999,30410.186333333328,31697.886222222252,,,
2019-03-04,29949.9,30241.42,29512.6,29541.75,1881211,29839.10799999999,30298.432999999997,31596.714444444475,,,
2019-03-05,29289.09,29706.95,29191.91,29493.16,1755666,29815.785999999993,30188.623,31496.40633333336,,,
2019-03-06,29629.2,30338.59,29473.72,30202.55,2235307,29767.197999999993,30103.755,31420.93233333336,,,
2019-03-07,29969.33,30192.83,29570.9,29619.49,1578669,29774.97199999999,30000.1,31339.19577777781,,,
2019-03-08,29211.34,29318.24,28574.84,28827.5,2080332,29536.889999999992,29863.566666666666,31254.38200000003,,,
2019-03-11,28827.5,28997.56,28302.75,28769.19,1728087,29382.37799999999,29724.765666666666,31173.023444444472,,,
2019-03-12,29012.14,29979.05,28978.13,29755.54,3875925,29434.853999999992,29650.587333333333,31120.871888888916,,,
2019-03-13,29755.54,29969.33,29318.24,29969.33,2262679,29388.21,29565.719666666664,31078.006222222248,,,
2019-03-14,30134.53,30707.87,29386.27,29425.14,2882169,29349.340000000004,29472.754,31030.605555555583,,,
2019-03-15,29677.8,30270.58,29522.32,30212.27,2526323,29626.294,29383.999333333333,30985.68833333336,29383.999333333333,,
2019-03-18,30455.21,31135.45,30056.78,31116.01,2566765,30095.658000000003,29426.109,30951.78433333336,,,
2019-03-19,30931.38,30950.82,30416.34,30600.97,1870920,30264.744,29401.166666666668,30910.430111111138,,,
2019-03-20,29755.54,29949.9,29201.63,29619.49,3019959,30194.776,29376.548333333332,30851.15222222225,,,
2019-03-22,29823.56,30017.91,29473.72,29833.28,2009842,30276.404000000002,29415.256999999998,30804.831333333357,,,
2019-03-25,29123.89,29629.2,29085.02,29590.34,1446951,30152.018000000004,29452.02233333333,30752.032000000025,,,
2019-03-26,30124.81,31601.89,29920.73,30999.4,4009907,30128.696000000004,29536.89,30707.87055555558,,,
2019-03-27,31414.31,31522.97,30791.95,30969.76,2116268,30202.454000000005,29622.227333333332,30647.831444444466,,,
2019-03-28,30969.76,31355.03,30574.62,31345.16,1935475,30547.588000000007,29695.46,30602.65300000002,,,
2019-03-29,31414.31,31848.97,31058.67,31177.22,1723706,30816.376000000007,29769.086999999996,30557.228111111133,,30557.228111111133,
2019-04-01,31908.24,32471.33,31424.19,31532.85,1668638,31204.878000000008,29872.707999999995,30523.636777777803,,,
2019-04-02,31611.88,31799.58,31196.98,31621.76,1821391,31329.350000000013,29965.525999999998,30493.084777777804,,,
2019-04-03,31611.88,32095.94,31552.61,32046.54,1432272,31544.706000000013,30082.221,30470.7077777778,,,
2019-04-04,32105.82,32352.78,31819.33,32056.42,1396235,31686.958000000013,30189.52766666667,30482.884333333357,,,
2019-04-05,32165.09,33044.29,32155.21,32807.21,2268919,32012.956000000013,30314.41066666667,30490.014222222246,,,
2019-04-08,32619.51,32985.02,31977.39,32214.48,2257379,32149.282000000014,30415.487000000005,30510.85744444447,,,
2019-04-09,32402.18,32975.14,32263.88,32836.84,1706093,32392.29800000001,30527.914666666667,30540.775222222244,,,
2019-04-10,32244.12,32826.96,32155.21,32520.72,1487846,32487.13400000001,30624.946333333333,30562.969444444465,,,30562.969444444465
2019-04-11,32263.88,32698.54,32263.88,32550.36,1237104,32585.92200000001,30695.108666666667,30575.66744444446,,,
2019-04-12,32678.78,33291.26,32412.06,33241.87,1906726,32672.85400000001,30817.150333333335,30592.161777777797,,,
2019-04-15,33557.99,34051.92,33281.38,33864.23,1870892,33002.80400000001,30945.360999999997,30606.717333333356,,,
2019-04-16,33597.5,34249.5,33597.5,34042.04,1705182,33243.84400000001,31095.370666666666,30608.564000000024,,,
2019-04-17,34130.95,34624.89,34032.17,34407.56,1866640,33621.212000000014,31259.183999999997,30617.171444444466,,,
2019-04-18,34763.19,34773.07,33814.83,33933.38,1949545,33897.81600000001,31383.544999999995,30618.0267777778,,,
2019-04-19,38872.74,39850.73,37716.93,38724.55,9028707,34994.35200000001,31687.047,30691.984555555573,,,
2019-04-22,38932.01,39080.19,37479.84,38092.32,4218971,35839.970000000016,31995.87433333333,30755.894333333352,,,
2019-04-23,37855.23,37914.5,36561.12,36719.18,3380906,36375.39800000001,32260.874,30819.231555555576,,,
2019-04-24,36719.18,37647.77,36590.75,37539.11,3188776,37001.708000000006,32520.32633333333,30881.31344444446,,,
2019-04-25,38023.17,38319.53,37845.35,38042.92,3266924,37823.616,32789.446,30949.533111111126,,,
2019-04-26,36106.7,37815.71,36086.94,37539.11,4774812,37586.528000000006,33059.91166666667,31014.42244444446,,,
2019-05-07,37914.5,38082.44,36472.21,36768.57,2732340,37321.778000000006,33278.454999999994,31070.102333333347,,,
2019-05-08,35770.82,36896.99,35672.03,36679.66,1753265,37313.874,33463.909999999996,31123.174666666684,,,
2019-05-09,36758.69,37084.69,36294.39,36314.15,1495741,37068.882000000005,33654.34933333333,31181.47155555557,,,
2019-05-10,36541.36,36976.02,36057.3,36551.24,1818658,36770.54600000001,33885.407666666666,31241.323111111127,,,
2019-05-13,36738.93,36808.08,36225.24,36541.36,1158552,36570.99600000001,34109.01033333333,31312.72611111113,,,
2019-05-14,35849.85,36709.3,35642.4,36571.0,1705182,36531.482,34341.699,31395.147888888903,,,
2019-05-15,36916.75,37064.93,36571.0,36956.26,1137800,36586.80200000001,34540.261,31479.582888888905,,,
2019-05-16,37104.45,37272.38,36165.97,36432.69,1516493,36610.51000000001,34722.35866666667,31570.99533333335,,,
2019-05-17,36946.39,37509.47,36758.69,37232.87,1614785,36746.83600000001,34918.61566666667,31684.849444444462,,,
2019-05-20,37232.87,37825.59,37213.11,37746.56,1317378,36987.87600000001,35137.59366666667,31800.686111111132,,,
2019-05-21,37539.11,37637.9,37242.75,37519.35,1405446,37177.54600000002,35337.14366666667,31901.095333333356,,,
2019-05-22,37736.68,38072.56,37637.9,37815.71,1396133,37349.43600000001,35543.60866666667,32005.067333333354,,,
2019-05-23,37845.35,38507.22,37786.08,38161.47,1859655,37695.19200000001,35747.439666666665,32126.432000000026,,,
2019-05-24,37865.11,38606.01,37677.41,38606.01,1608104,37969.820000000014,35965.759333333335,32235.028111111136,,,
2019-05-27,38625.77,38724.55,37934.26,38260.25,1218074,38072.55800000001,36147.52733333334,32336.003333333356,,,
2019-05-28,38447.95,38724.55,38329.41,38635.65,1131625,38295.818000000014,36361.566333333336,32433.483555555576,,,
2019-05-29,38398.56,38645.52,38013.29,38487.47,1791428,38430.17000000001,36549.920666666665,32539.41288888891,,,
2019-05-30,38220.74,38250.38,37657.65,37934.26,1437839,38384.72800000002,36730.371999999996,32633.418888888908,,,
2019-05-31,37835.47,38655.4,37756.44,38230.62,1568220,38309.65000000001,36919.714,32715.60133333335,,,
2019-06-03,38033.04,38625.77,37716.93,38052.8,1519429,38268.16000000001,37080.07833333333,32793.54055555557,,,
2019-06-04,38309.65,38378.8,37143.96,37193.35,1687669,37979.70000000001,37191.049,32848.86544444446,,,
2019-06-05,37637.9,38299.77,37529.23,38299.77,1476913,37942.16000000001,37332.973333333335,32908.925666666684,,,
2019-06-06,38408.44,38625.77,38062.68,38112.07,1141849,37977.72200000001,37456.457,32968.08800000002,,,
2019-06-07,38319.53,38803.58,38191.1,38675.16,1371231,38066.63000000001,37614.51633333333,33033.938777777796,,,
2019-06-10,38922.13,39307.4,38625.77,39218.49,1311608,38299.768000000004,37630.981,33106.04266666668,,,
2019-06-11,39238.25,39317.28,38783.83,38892.49,1023818,38639.596000000005,37657.65333333333,33172.3647777778,,,
2019-06-12,38230.62,38418.31,37440.32,37519.35,2468135,38483.512,37684.325666666664,33223.3217777778,,,
2019-06-13,36926.63,37015.54,36561.12,36936.51,1774320,38248.40000000001,37664.238999999994,33278.38422222224,,,
2019-06-14,37321.78,37440.32,36956.26,37114.32,1140736,37936.232,37633.28566666667,33329.483777777794,,,
2019-06-17,37153.84,37430.44,36837.72,36995.78,909835,37491.69000000001,37615.174666666666,33382.61344444446,,,
2019-06-18,37114.32,37578.62,37025.42,37242.75,1222325,37161.74200000001,37630.98066666666,33431.14500000001,,,
2019-06-19,37628.02,37628.02,37025.42,37390.93,1190540,37136.058000000005,37654.689666666665,33514.9028888889,,,
2019-06-20,37736.68,38191.1,37657.65,38092.32,1362931,37367.22000000001,37713.96200000001,33589.82600000001,,,
2019-06-21,38033.04,38171.35,37667.53,37825.59,1107735,37509.474,37756.44033333334,33672.79877777778,,,
2019-06-24,37825.59,37845.35,37163.72,37687.29,944961,37647.776000000005,37794.638000000006,33772.96844444445,,,
2019-06-25,37667.53,38062.68,37479.84,37687.29,1131220,37736.68400000001,37831.847666666676,33875.18966666667,,,
2019-06-26,37568.75,37825.59,37153.84,37786.08,1302194,37815.714000000014,37859.50833333334,33978.886444444455,,,
2019-06-27,37884.86,38951.76,37795.96,38902.37,2159694,37977.72400000001,37941.83100000001,34095.47233333334,37941.83100000001,,
2019-06-28,38724.55,39070.31,38546.74,39011.04,1473066,38214.81400000001,38001.10333333335,34205.059666666675,,,
2019-07-01,39386.43,39811.21,39307.4,39564.25,1438244,38590.20600000001,38061.69300000001,34322.79122222223,,,
2019-07-02,39712.43,39910.0,39465.46,39653.15,1329121,38983.37800000001,38132.81966666667,34447.55711111111,,,
2019-07-03,39623.52,40127.33,39574.12,40127.33,1552834,39451.628000000004,38209.873666666674,34573.00277777778,,,
2019-07-04,40127.33,40354.54,39929.76,40077.94,1047809,39686.742000000006,38273.75600000001,34701.13888888889,,,
2019-07-05,40186.6,40403.94,40097.7,40255.75,795650,39935.684,38328.74733333334,34828.01144444444,,,
2019-07-08,40344.66,40562.0,39939.64,40018.67,1076254,40026.56800000001,38387.361333333334,34949.76644444444,,,
2019-07-09,39919.88,40107.57,39584.0,40048.3,907406,40105.598000000005,38434.449666666675,35070.501,,,
2019-07-10,39840.85,39890.24,39435.82,39514.85,1262918,39983.102,38468.69566666668,35182.176999999996,,,
2019-07-11,40700.3,41273.26,40206.36,41154.72,2851282,40198.458,38576.044333333346,35310.45422222222,,,
2019-07-12,41490.59,41539.99,40957.14,41144.84,1303611,40376.276,38673.18500000001,35429.33588888888,,,
2019-07-16,40976.9,41204.11,40779.33,41105.32,876228,40593.60600000001,38774.93566666668,35557.388111111104,,,
2019-07-17,41036.17,41036.17,40413.81,40848.48,1037686,40753.64200000001,38896.77333333334,35677.72777777777,,,
2019-07-18,40403.94,40571.87,40117.45,40453.33,1239939,40941.338,38968.55866666667,35798.967555555544,,,
2019-07-19,40502.72,40967.02,40473.09,40690.42,906596,40848.47800000001,39054.50366666667,35923.38155555554,,,
2019-07-22,40453.33,40453.33,39682.79,39722.3,1345317,40563.970000000016,39089.40833333334,36029.15655555554,,,
2019-07-23,39969.27,40087.82,39465.46,39465.46,1189831,40235.99800000001,39097.64066666667,36138.55622222221,,,
2019-07-24,39267.88,39534.61,39149.34,39366.67,1065422,39939.636000000006,39113.44666666667,36255.65811111109,,,
2019-07-25,39475.34,39969.27,39416.06,39692.67,932409,39787.504,39185.890666666666,36377.0301111111,,,
2019-07-26,39366.67,39791.46,39090.07,39732.18,859626,39595.85600000001,39279.079666666665,36487.88166666665,,,
2019-07-29,39910.0,40344.66,39672.91,39830.97,858715,39617.590000000004,39369.63466666666,36597.45544444443,,,
2019-07-30,39840.85,40107.57,39524.73,40097.7,906495,39744.03800000001,39473.03199999999,36716.03944444443,,,
2019-07-31,39406.19,39712.43,38359.04,39613.64,2569464,39793.43200000001,39552.061666666654,36820.4991111111,,,
2019-08-01,39939.64,41302.9,39870.49,40937.39,2431491,40042.37600000001,39670.27699999999,36929.62555555555,,,
2019-08-02,40344.66,40482.97,39356.79,39801.33,2306171,40056.20600000002,39727.243999999984,37031.85177777777,,,
2019-08-05,39307.4,39366.67,38368.92,38852.98,1518113,39860.60800000002,39761.49033333331,37134.4461111111,,,
2019-08-06,37272.38,38536.86,37203.23,38467.71,1814002,39534.61000000002,39787.504333333316,37230.384222222216,,,
2019-08-07,38852.98,38951.76,38359.04,38704.8,1246721,39352.84200000002,39821.42133333332,37331.65599999999,,,
2019-08-08,38922.13,39208.61,38685.04,38843.1,1066232,38933.98400000002,39856.655333333314,37418.808222222215,,,
2019-08-09,39109.82,39346.91,38912.25,38961.64,1103079,38766.04600000002,39858.63099999997,37507.606888888884,,,
2019-08-13,38270.13,38467.71,37874.99,37944.14,1128285,38584.27800000002,39823.06766666663,37580.928888888884,,,
2019-08-14,38724.55,39613.64,38655.4,39584.0,1757516,38807.53600000002,39823.72599999997,37674.33755555555,,,
2019-08-15,38526.98,39435.82,38299.77,39416.06,1735246,38949.78800000002,39815.822999999975,37761.92877777777,,,
2019-08-16,39218.49,39623.52,39169.1,39238.25,1010456,39028.81800000002,39786.18699999997,37846.55644444444,,,
2019-08-19,39811.21,39850.73,39435.82,39475.34,853046,39131.55800000002,39766.100333333314,37929.09866666666,,,
2019-08-20,39623.52,39712.43,39366.67,39524.73,656462,39447.67600000002,39741.73299999998,38012.07988888888,,,
2019-08-21,39317.28,39791.46,39188.85,39742.06,882909,39479.28800000002,39732.51266666665,38089.13377777777,,,
2019-08-22,39890.24,40107.57,39564.25,39692.67,960651,39534.61000000002,39720.65833333331,38172.224777777774,,,
2019-08-23,39732.18,40512.6,39653.15,40482.97,1417695,39783.55400000002,39752.928999999975,38257.181777777776,39752.928999999975,,
2019-08-26,39712.43,39949.51,39198.73,39337.03,1512748,39755.89200000002,39692.33933333331,38332.91855555555,,,
2019-08-27,39712.43,39860.61,39465.46,39761.82,1120389,39803.31000000002,39646.23866666664,38413.04588888888,,,
2019-08-28,40058.18,40354.54,39801.33,39860.61,1042342,39827.02000000002,39604.74833333331,38486.587444444434,,,
2019-08-29,40038.42,40048.3,39613.64,39692.67,710619,39827.02000000002,39566.221333333306,38551.34788888888,,,
2019-08-30,39969.27,40087.82,39672.91,39801.33,842721,39690.692000000025,39544.487999999976,38615.33999999999,,,
2019-09-02,39801.33,40236.0,39771.7,39890.24,1022097,39801.33400000002,39517.81533333331,38676.25866666666,,,
2019-09-03,39910.0,40147.09,39781.58,40038.42,673367,39856.65400000002,39528.35266666664,38744.09244444444,,,
2019-09-04,40275.51,41263.38,40236.0,41075.69,2090455,40099.67000000002,39582.02699999997,38770.21622222222,,,
2019-09-05,40848.48,41036.17,40315.03,40463.21,2200489,40253.77800000001,39618.5783333333,38796.55944444444,,,
2019-09-06,40897.87,41451.08,40838.6,40947.26,1371839,40482.964000000014,39660.39799999997,38843.538111111106,,,
2019-09-09,40996.66,41589.38,40996.66,41381.93,1142254,40781.30200000001,39715.38966666664,38886.23611111111,,,
2019-09-10,41490.59,41490.59,41075.69,41154.72,946884,41004.56200000001,39759.51466666664,38920.81166666666,,,
2019-09-11,40917.63,41065.81,40255.75,40601.51,1303004,40909.72600000001,39776.30833333331,38954.83833333333,,,
2019-09-12,40848.48,41273.26,40759.57,41075.69,1143874,41032.222000000016,39825.04333333331,39002.69522222222,,,
2019-09-13,41184.35,41223.87,40828.72,41095.45,1142760,41061.86000000001,39830.31199999998,39051.75955555555,,,
2019-09-17,40996.66,41470.84,40878.11,41381.93,1031005,41061.86000000001,39882.998666666645,39108.068222222224,,,
2019-09-18,41490.59,42083.32,41431.32,41875.86,1207748,41206.088,39983.761333333314,39167.23066666666,,,
2019-09-19,42172.23,42438.95,41786.96,41945.01,1177178,41474.78800000001,40099.67133333332,39227.27122222222,,,
2019-09-20,42359.92,42419.19,41905.5,42310.53,1522972,41721.75600000001,40219.862333333316,39291.04377777777,,,
2019-09-24,42063.56,42191.98,41549.87,41836.35,1347746,41869.93600000001,40319.63733333331,39345.267,,,
2019-09-25,40957.14,40996.66,39919.88,40028.54,2786800,41599.258000000016,40355.20066666665,39385.220888888885,,,
2019-09-26,40354.54,40759.57,40038.42,40166.85,1914015,41257.45600000002,40429.29099999999,39417.82066666667,,,
2019-09-27,40285.39,40463.21,39712.43,39890.24,1438851,40846.502000000015,40439.49899999999,39441.63933333333,,,
2019-09-30,39406.19,39603.76,39267.88,39534.61,1009544,40291.318000000014,40443.45066666666,39464.03111111111,,,
2019-10-01,39811.21,40641.02,39593.88,40423.69,1575914,40008.78600000001,40482.965333333326,39493.00866666666,,,
2019-10-02,39929.76,40680.54,39929.76,40680.54,979682,40139.18600000001,40523.13866666666,39520.99833333333,,,
2019-10-03,40196.48,40236.0,39840.85,39998.91,1176267,40105.59800000001,40538.944666666655,39536.475,,,
2019-10-04,40305.15,40601.51,40127.33,40473.09,1131220,40222.16800000001,40563.31233333332,39561.06211111111,,,
2019-10-07,40413.81,40413.81,39919.88,39919.88,897688,40299.22200000001,40570.885999999984,39575.33133333333,,,
2019-10-08,40008.79,40305.15,39702.55,40275.51,1028474,40269.58600000001,40563.97066666665,39595.19844444444,,,
2019-10-09,39910.0,40492.84,39910.0,40394.06,1006913,40212.29000000001,40599.20499999999,39622.52955555555,,,
2019-10-10,40305.15,40482.97,39663.03,39811.21,1214936,40174.75000000001,40600.85133333332,39640.09166666666,,,
2019-10-11,39890.24,39900.12,38833.22,39386.43,1575104,39957.418000000005,40585.04533333331,39654.90977777778,,,
2019-10-15,39514.85,39732.18,39228.37,39663.03,902648,39906.048,40584.057333333316,39682.350666666665,,,
2019-10-16,39751.94,40137.21,39564.25,39672.91,1017845,39785.528000000006,40579.77666666664,39697.607777777775,,,
2019-10-17,39099.95,39139.46,38586.25,38586.25,1689086,39423.966,40536.31033333331,39702.876444444446,,,
2019-10-18,38280.01,38783.83,37973.77,38141.71,1433588,39090.066000000006,40473.08666666665,39696.94922222222,,,
2019-10-21,38072.56,38230.62,37726.8,38082.44,817920,38829.268000000004,40373.31166666665,39684.326444444436,,,
2019-10-23,37934.26,38023.17,37578.62,37647.77,1001851,38426.216,40279.46366666665,39670.49622222222,,,
2019-10-24,37815.71,37884.86,37410.69,37410.69,955286,37973.772000000004,40161.57799999998,39669.28888888888,,,
2019-10-25,36748.81,36966.14,36254.88,36284.51,1913711,37513.424000000006,39991.66399999998,39662.04444444444,,,
2019-10-28,36501.84,36857.48,36363.54,36571.0,1123729,37199.28200000001,39838.873333333315,39656.007555555545,,,
2019-10-29,36906.87,37756.44,36896.99,37331.66,1626730,37049.126000000004,39729.87833333331,39659.73955555555,,,
2019-10-30,37242.75,38023.17,36837.72,38023.17,2295947,37124.20600000001,39628.127666666645,39668.41088888888,,,
2019-10-31,38447.95,38566.5,37667.53,38151.59,1343090,37272.38600000001,39529.99899999998,39676.86266666666,,,
2019-11-01,39682.79,40996.66,39682.79,40996.66,4290336,38214.816000000006,39517.15666666665,39709.13311111111,,,
2019-11-05,42231.5,42547.62,41786.96,42211.74,2769490,39342.96400000001,39528.352666666644,39757.86811111111,,,
2019-11-06,42409.31,42508.1,41204.11,41698.05,1884254,40216.24200000001,39520.12066666665,39802.432111111106,39520.12066666665,39802.432111111106,
2019-11-07,41204.11,41856.11,40957.14,41490.59,1258261,40909.72600000001,39492.78933333331,39844.69099999999,,,
2019-11-08,41806.71,41875.86,41293.02,41451.08,1033738,41569.62400000002,39479.94699999998,39885.41322222222,,,
2019-11-11,41688.17,42014.17,41312.78,41451.08,1059045,41660.508000000016,39527.36499999998,39913.732222222214,,,
2019-11-12,41589.38,41954.89,41530.11,41875.86,1027664,41593.33200000002,39584.33199999998,39945.56355555555,,,
2019-11-13,41816.59,41984.53,41342.41,41530.11,1070281,41559.74400000002,39638.99433333332,39967.40644444444,,,
2019-11-14,41767.2,41806.71,41253.5,41283.14,949820,41518.25400000002,39697.27866666664,39985.517444444435,,,
2019-11-15,41095.45,41184.35,40749.69,40779.33,995777,41383.90400000002,39709.13333333332,39992.76188888888,,,
2019-11-18,40937.39,41737.56,40848.48,41559.75,1288326,41405.63800000001,39738.44033333332,40009.22644444444,,,
2019-11-19,41688.17,41895.62,41520.23,41816.59,970066,41393.78400000001,39799.029666666655,40026.5691111111,,,
2019-11-20,41925.26,42774.83,41875.86,42448.83,2129022,41577.52800000001,39864.887666666655,40053.570888888884,,,
2019-11-21,42715.55,42774.83,41609.14,42478.47,1796894,41816.59400000002,39950.17399999999,40080.57277777778,,,
2019-11-22,41816.59,42014.17,40967.02,40986.78,2133375,41858.08400000002,39973.882999999994,40096.92755555555,,,
2019-11-25,41391.81,41796.83,41174.48,41777.08,1395222,41901.550000000025,40019.98366666666,40103.84266666666,,,
2019-11-26,41984.53,42458.71,41915.38,42063.56,1279721,41950.944000000025,40095.062,40114.05066666666,,,
2019-11-27,41945.01,42142.59,41589.38,42014.17,883212,41864.012000000024,40182.65333333333,40124.149,,,40124.149
2019-11-28,42231.5,42350.04,41964.77,42063.56,671646,41781.03000000002,40262.670999999995,40137.64988888889,,,
2019-11-29,42182.1,42280.89,41816.59,41836.35,545010,41950.944000000025,40334.78566666667,40153.016777777775,,,
2019-12-02,42103.07,42863.74,42043.8,42715.55,1633107,42138.63800000002,40472.429000000004,40175.51822222222,,,
2019-12-03,43021.79,43960.27,42982.28,43851.61,2313156,42496.24800000002,40662.759000000005,40221.39944444444,,,
2019-12-04,44078.82,44335.66,42824.22,43298.4,2550130,42753.09400000002,40836.62433333334,40263.98766666666,,,
2019-12-05,43960.27,43980.03,42932.89,43150.22,1520846,42970.42600000002,41020.03933333334,40306.02711111111,,,
2019-12-06,42982.28,43268.76,42705.68,43229.25,1205218,43249.006000000016,41213.99133333334,40345.32244444444,,,
2019-12-09,43762.7,44533.24,43703.43,44533.24,2147851,43612.544000000016,41488.94900000001,40398.667555555556,,,
2019-12-10,44553.0,46429.95,44523.36,45807.59,3322396,44003.74000000001,41796.83533333334,40465.07444444444,,,
2019-12-11,45530.99,46182.98,45096.32,45185.23,1830299,44381.106000000014,42058.621000000014,40521.60255555555,,,
2019-12-12,45224.75,45777.96,44197.36,44325.78,1976371,44616.21800000001,42268.70800000001,40573.959666666655,,,
2019-12-13,44849.36,44908.63,44335.66,44385.06,1786164,44847.380000000005,42476.49033333335,40612.2671111111,,,
2019-12-16,44444.33,45333.41,44444.33,44908.63,1611546,44922.458000000006,42606.88933333335,40669.01488888888,,,
2019-12-17,45244.5,45422.32,44760.45,44967.9,1096195,44754.52000000001,42698.76133333334,40736.95844444443,,,
2019-12-18,44424.57,44553.0,43713.3,43960.27,1416885,44509.528000000006,42774.16866666668,40797.986888888874,,,
2019-12-19,43723.18,43960.27,43140.34,43189.73,1324768,44282.318000000014,42830.80666666667,40847.81944444443,,,
2019-12-20,42498.22,43130.46,42429.07,42676.04,1551214,43940.51400000001,42871.63866666667,40890.40766666666,,,
2019-12-23,42834.1,43169.98,42508.1,42735.31,805267,43505.85000000001,42914.44633333334,40932.33733333332,,,
2019-12-24,42952.64,43021.79,42537.74,42735.31,645833,43059.33200000001,42943.09466666667,40985.57255555554,,,
2019-12-25,42903.25,43002.04,42745.19,42843.98,481136,42836.074000000015,42986.89033333333,41021.79455555554,,,
2019-12-26,42942.76,43169.98,42814.34,43021.79,654944,42802.48600000002,43044.84533333334,41061.85822222221,,,
2019-12-27,43199.61,43486.09,43041.55,43278.64,645833,42923.00600000001,43128.155666666666,41106.75144444443,,,
2019-12-30,43278.64,43486.09,42972.4,43436.7,628928,43063.28400000001,43190.72066666666,41150.76655555555,,,
2020-01-06,42488.34,42567.37,41994.41,42221.62,1168776,42960.54600000001,43204.221666666665,41180.731999999996,,,
2020-01-07,42517.98,42972.4,42369.8,42419.19,1181935,42875.588,43203.23366666666,41210.47788888888,,,
2020-01-08,41984.53,42320.41,41105.32,42122.83,1502625,42695.796,43191.37899999999,41237.47966666666,,,
2020-01-09,43021.79,43071.19,42636.52,42853.86,1043456,42610.840000000004,43253.615,41263.82288888888,,,
2020-01-10,42695.8,43249.0,42616.77,42913.13,836445,42506.126000000004,43291.48333333332,41303.55733333332,,,
2020-01-14,43318.16,43407.06,42419.19,42676.04,1218276,42597.01,43311.89933333333,41335.93755555555,,,
2020-01-15,42478.47,42774.83,42359.92,42547.62,765181,42622.696,43329.681,41365.793222222215,,,
2020-01-16,42419.19,42517.98,42182.1,42438.95,707278,42685.92,43342.193999999996,41396.30744444444,,,
2020-01-17,42646.4,42705.68,42379.68,42468.59,772975,42608.865999999995,43363.26866666666,41425.943666666666,,,
2020-01-20,42567.37,42764.95,42458.71,42468.59,827537,42519.95799999999,43355.03666666666,41454.59199999999,,,
2020-01-21,42478.47,42725.43,42438.95,42587.13,569710,42502.17599999999,43312.887333333325,41482.91099999999,,,
2020-01-22,42685.92,42824.22,42537.74,42794.58,710821,42551.56799999999,43296.09333333333,41502.00977777777,,,
2020-01-23,42794.58,43031.67,42646.4,43002.04,874304,42664.186,43291.153999999995,41530.219,,,
2020-01-24,43169.98,43347.79,42982.28,43169.98,850921,42804.464,43289.17833333333,41554.915888888885,,,
2020-01-27,42557.5,42587.13,41796.83,41885.74,984035,42687.894,43200.92833333333,41560.51377777778,,,
2020-01-28,41569.62,42142.59,41460.96,42083.32,987781,42587.132,43076.78599999999,41570.831555555545,,,
2020-01-29,42073.44,42350.04,41885.74,42201.86,825209,42468.588,42977.34033333333,41588.613222222215,,,
2020-01-30,42280.89,42280.89,41411.56,41757.32,1164423,42219.644,42891.725,41596.18688888888,,,
2020-01-31,40621.27,40749.69,39682.79,40275.51,2609449,41640.75,42754.74,41587.076444444436,,,
2020-02-03,38200.98,39643.27,37539.11,39554.37,2639210,41174.476,42576.26466666667,41566.77022222221,,,
2020-02-04,39514.85,39722.3,39159.22,39613.64,1312620,40680.54,42397.78933333334,41541.63444444443,,,
2020-02-05,40245.88,40423.69,39722.3,39939.64,937875,40228.096000000005,42263.76833333333,41519.35255555555,,,
2020-02-06,40295.27,40601.51,39979.15,40403.94,1347038,39957.420000000006,42170.90866666667,41498.168222222215,,,
2020-02-07,40226.12,40394.06,39919.88,40008.79,1201472,39904.07600000001,42082.00033333334,41477.861999999994,,,
2020-02-10,39811.21,40344.66,39801.33,40156.97,910949,40024.596000000005,41996.05566666667,41479.289,,,
2020-02-12,40107.57,40226.12,39910.0,40068.06,770343,40115.48,41907.147333333334,41478.19133333333,,,
2020-02-13,39910.0,39979.15,39554.37,39702.55,889387,40068.062,41802.433,41476.10588888888,,,
2020-02-14,39495.09,39544.49,39020.92,39356.79,945467,39858.632,41680.26633333333,41474.1301111111,,,
2020-02-17,39356.79,39663.03,39188.85,39514.85,939596,39759.844,41554.80666666667,41464.03188888889,,,
2020-02-18,39416.06,39485.22,39228.37,39307.4,702723,39589.93,41417.16333333334,41448.77477777777,,,
2020-02-19,39435.82,39722.3,39346.91,39564.25,929979,39489.168,41328.58433333333,41443.94522222222,,,
2020-02-20,40008.79,40048.3,39534.61,39613.64,747365,39471.386,41235.066,41434.395777777776,,,
2020-02-21,39514.85,39564.25,39376.55,39465.46,926740,39493.119999999995,41146.486999999994,41429.346666666665,,,
2020-02-25,37637.9,39011.04,37637.9,38754.19,1317176,39340.988,41009.83133333332,41412.44311111111,,,
2020-02-26,38754.19,38754.19,37983.65,38487.47,1133245,39177.00199999999,40862.30933333332,41391.25877777778,,,
2020-02-27,38112.07,38368.92,37539.11,37726.8,1124944,38809.512,40697.33466666666,41368.098666666665,,,
2020-02-28,36353.66,36798.21,35642.4,35830.09,2327834,38052.802,40473.416999999994,41328.58377777777,,,
2020-03-02,35662.15,37430.44,35464.58,36640.15,2174271,37487.740000000005,40280.12366666666,41294.99622222222,,,
2020-03-03,37390.93,37529.23,36235.12,36353.66,1883444,37007.634000000005,40076.29266666665,41258.115666666665,,,
2020-03-04,35988.15,37143.96,35988.15,36798.21,1101358,36669.782,39887.279999999984,41238.248555555554,,,
2020-03-05,37440.32,37707.05,36956.26,37460.08,1247531,36616.438,39716.37833333332,41230.67488888888,,,
2020-03-06,37242.75,37628.02,36620.39,36956.26,1289237,36841.672000000006,39521.76766666665,41218.16177777777,,,
2020-03-09,36037.54,36294.39,35197.85,35494.22,2057555,36612.486000000004,39271.50699999998,41194.23344444444,,,
2020-03-10,34575.5,36077.06,33567.87,35751.06,2282686,36491.966,39024.209666666655,41175.79311111111,,,
2020-03-11,35622.64,36412.94,34980.52,35039.79,1524895,36140.28200000001,38796.01133333332,41161.96288888889,,,
2020-03-12,34575.5,34931.13,33538.23,34397.68,2144308,35527.802,38539.82333333332,41137.81488888889,,,
2020-03-13,32678.78,34081.56,31493.34,32817.08,3230077,34699.966,38226.99733333332,41087.65288888889,,,
2020-03-16,33488.84,34437.19,32530.6,32550.36,2184293,34111.194,37920.09866666665,41026.84388888889,,,
2020-03-17,32105.82,34931.13,31809.46,34456.95,3229874,33852.371999999996,37726.146666666646,40985.79233333334,,,
2020-03-18,34931.13,35879.49,34822.46,35079.31,1876965,33860.276,37576.97799999998,40920.044,,,
2020-03-19,35079.31,37045.17,35079.31,36778.45,2495467,34336.42999999999,37482.47166666665,40859.67411111112,,,
2020-03-23,36946.39,37963.89,36659.9,37351.41,1934361,35243.295999999995,37396.197333333315,40811.37811111112,,,
2020-03-24,38339.28,38418.31,37697.17,38141.71,1532285,36361.56599999999,37320.78966666665,40774.16833333334,,,
2020-03-25,39020.92,39159.22,38497.34,39159.22,1529450,37302.02,37292.470666666646,40748.70322222223,37292.470666666646,,
2020-03-26,38754.19,39495.09,38378.8,39248.13,1425287,38135.784,37262.17599999998,40724.22600000001,,,
2020-03-27,39514.85,39910.0,38951.76,39910.0,1639890,38762.094,37256.90733333331,40702.38311111112,,,
2020-03-30,39470.0,40990.0,39160.0,40930.0,1480200,39477.81199999999,37297.82233333331,40695.715222222236,,,
2020-03-31,41560.0,42490.0,41150.0,41610.0,1926000,40171.469999999994,37372.929333333304,40699.34700000001,,,
2020-04-01,41800.0,42690.0,41510.0,41950.0,1917600,40729.626,37454.10099999997,40712.354444444456,,40712.354444444456,
2020-04-02,42510.0,42670.0,41110.0,41330.0,1675600,41145.99999999999,37521.52099999997,40709.80166666667,,,
2020-04-03,41870.0,42280.0,41570.0,41880.0,1244500,41539.99999999999,37598.71266666664,40710.50622222223,,,
2020-04-06,42350.0,43200.0,42190.0,42920.0,1537100,41937.99999999999,37708.924666666644,40715.74144444445,,,
2020-04-07,43250.0,43500.0,42370.0,43190.0,1728500,42253.99999999999,37833.07599999998,40723.64733333334,,,
2020-04-08,43000.0,43640.0,42700.0,43590.0,1690300,42581.99999999999,37994.269666666645,40752.57200000001,,,
2020-04-09,43450.0,43730.0,43050.0,43730.0,1237600,43061.99999999999,38169.02066666665,40774.27111111112,,,
2020-04-10,43370.0,44500.0,43280.0,44370.0,1291200,43559.99999999999,38390.460666666644,40799.89822222223,,,
2020-04-13,44500.0,44750.0,44100.0,44310.0,819000,43837.99999999999,38673.12433333331,40825.407444444456,,,
