"日付","始値","高値","安値","終値","前日比","出来高","売買代金","貸株残高","融資残高","貸借倍率","逆日歩","特別空売り料","5DMA","25DMA","75DMA","100DMA","200DMA","5DVMA","25DVMA","75DVMA"
"2020/06/26","1,387.5","1,392.5","1,380.5","1,392.0","+9.5","5,843,200","8,111,847","184,600","200,500","1.09","-","-","1,390.90","1,370.10","1,395.83","1,417.88","1,451.90","7,308,960","12,077,064","12,091,157"
"2020/06/25","1,386.0","1,391.5","1,374.5","1,382.5","-13.5","8,500,900","11,745,172","179,700","224,200","1.25","-","-","1,388.10","1,367.18","1,396.79","1,418.81","1,452.41","8,283,380","13,948,040","12,191,598"
"2020/06/24","1,404.0","1,407.0","1,388.0","1,396.0","-7.0","6,077,800","8,487,848","27,100","215,600","7.96","-","-","1,384.20","1,366.88","1,398.23","1,419.73","1,453.03","8,270,780","13,795,888","12,221,470"
"2020/06/23","1,387.0","1,408.0","1,381.5","1,403.0","+22.0","10,168,100","14,203,058","48,200","254,500","5.28","-","-","1,380.70","1,366.48","1,399.23","1,420.56","1,453.57","8,498,280","13,886,440","12,318,810"
"2020/06/22","1,376.5","1,388.5","1,374.5","1,381.0","+3.0","5,954,800","8,225,988","6,800","278,300","40.93","-","-","1,374.20","1,366.48","1,399.57","1,421.36","1,454.14","8,459,880","13,958,580","12,326,382"
"2020/06/19","1,367.0","1,378.5","1,364.0","1,378.0","+15.0","10,715,300","14,715,011","18,400","270,500","14.70","-","-","1,367.20","1,367.54","1,400.23","1,422.29","1,454.83","8,879,160","13,927,148","12,443,782"
"2020/06/18","1,375.5","1,381.5","1,359.0","1,363.0","-15.5","8,437,900","11,521,162","1,000","454,700","454.70","-","-","1,365.40","1,369.30","1,400.69","1,423.29","1,455.47","9,187,020","13,682,964","12,610,134"
"2020/06/17","1,370.0","1,381.5","1,367.0","1,378.5","+8.0","7,215,300","9,928,143","7,700","536,900","69.73","-","-","1,367.70","1,371.98","1,401.85","1,424.31","1,456.18","9,782,160","13,625,944","12,669,016"
"2020/06/16","1,361.5","1,375.5","1,355.0","1,370.5","+24.5","9,976,100","13,644,546","5,700","414,600","72.74","-","-","1,366.80","1,374.10","1,403.11","1,425.21","1,456.79","9,811,500","13,672,412","12,710,202"
"2020/06/15","1,365.0","1,370.5","1,345.5","1,346.0","-23.0","8,051,200","10,928,399","0","459,100","0.00","-","-","1,367.30","1,377.48","1,404.57","1,426.20","1,457.44","9,633,920","13,560,428","12,757,636"
"2020/06/12","1,365.0","1,369.0","1,353.0","1,369.0","-5.5","12,254,600","16,693,357","0","493,700","0.00","-","-","1,371.50","1,382.44","1,406.66","1,427.44","1,458.19","9,701,780","13,562,520","12,788,608"
"2020/06/11","1,387.0","1,388.5","1,371.5","1,374.5","+0.5","11,413,600","15,749,988","4,400","422,700","96.07","-","-","1,371.30","1,385.90","1,408.20","1,428.52","1,458.83","8,827,760","13,305,916","12,716,998"
"2020/06/10","1,375.0","1,376.0","1,368.0","1,374.0","+1.0","7,362,000","10,113,279","0","433,800","0.00","-","-","1,371.40","1,389.10","1,409.81","1,429.63","1,459.45","8,860,460","13,090,652","12,638,581"
"2020/06/09","1,369.0","1,375.0","1,365.5","1,373.0","+6.0","9,088,200","12,452,565","0","445,700","0.00","-","-","1,370.10","1,391.80","1,411.45","1,430.66","1,460.06","9,884,300","13,121,884","12,609,468"
"2020/06/08","1,372.0","1,374.0","1,364.0","1,367.0","-1.0","8,390,500","11,472,273","0","451,100","0.00","-","-","1,368.40","1,395.44","1,413.17","1,431.61","1,460.65","10,002,260","13,352,300","12,566,578"
"2020/06/05","1,370.0","1,371.5","1,362.0","1,368.0","-7.0","7,884,500","10,775,053","0","552,600","0.00","-","-","1,368.20","1,399.08","1,415.11","1,432.42","1,461.20","10,000,180","13,403,928","12,537,310"
"2020/06/04","1,372.5","1,377.0","1,366.5","1,375.0","+7.5","11,577,100","15,891,462","22,000","578,500","26.30","-","-","1,367.80","1,401.52","1,416.99","1,433.33","1,461.75","16,595,780","13,352,216","12,572,344"
"2020/06/03","1,379.0","1,379.0","1,364.0","1,367.5","+3.0","12,481,200","17,098,283","42,000","636,800","15.16","-","-","1,365.60","1,403.32","1,418.72","1,434.06","1,462.17","17,230,040","13,209,524","12,583,640"
"2020/06/02","1,370.0","1,370.5","1,360.5","1,364.5","-1.5","9,678,000","13,204,423","47,400","673,700","14.21","-","-","1,363.10","1,404.78","1,420.32","1,434.98","1,462.66","18,791,860","12,944,020","12,580,470"
"2020/06/01","1,363.5","1,366.5","1,356.0","1,366.0","0.0","8,380,100","11,426,065","56,400","667,700","11.84","-","-","1,358.20","1,406.12","1,422.34","1,435.88","1,463.21","22,525,440","12,802,164","12,622,669"
"2020/05/29","1,362.0","1,368.5","1,342.0","1,366.0","+2.0","40,862,500","55,638,153","36,400","682,700","18.76","-","-","1,352.70","1,407.14","1,424.17","1,436.57","1,463.73","24,495,240","12,753,724","12,611,816"
"2020/05/28","1,360.0","1,366.5","1,350.5","1,364.0","+9.0","14,748,400","20,067,714","38,500","693,000","18.00","-","-","1,343.30","1,407.76","1,425.95","1,437.20","1,464.25","26,846,260","11,345,644","12,142,664"
"2020/05/27","1,355.0","1,361.0","1,345.0","1,355.0","+15.0","20,290,300","27,429,544","207,600","734,600","3.54","-","-","1,345.50","1,409.74","1,427.71","1,437.81","1,464.75","24,836,000","11,167,484","12,044,872"
"2020/05/26","1,345.0","1,351.0","1,328.5","1,340.0","+1.5","28,345,900","38,046,414","329,900","868,000","2.63","-","-","1,351.70","1,411.40","1,429.65","1,438.55","1,465.20","22,446,260","10,600,292","11,892,589"
"2020/05/25","1,335.0","1,341.0","1,326.5","1,338.5","+19.5","18,229,100","24,340,880","80,000","899,700","11.25","-","-","1,364.30","1,413.70","1,431.73","1,439.64","1,465.76","19,171,400","9,789,324","11,609,200"
"2020/05/22","1,340.0","1,345.0","1,315.0","1,319.0","-56.0","52,617,600","69,872,160","50,000","749,200","14.98","-","-","1,378.10","1,415.06","1,433.80","1,440.61","1,466.28","16,559,380","9,383,220","11,459,634"
"2020/05/21","1,390.0","1,394.5","1,375.0","1,375.0","-11.0","4,697,100","6,495,271","6,900","375,500","54.42","-","-","1,398.70","1,417.56","1,436.01","1,441.84","1,466.90","6,958,000","7,469,232","10,816,118"
"2020/05/20","1,395.0","1,400.0","1,376.0","1,386.0","-17.0","8,341,600","11,575,661","1,100","304,900","277.18","-","-","1,409.70","1,417.52","1,437.35","1,442.51","1,467.23","7,421,060","7,464,340","10,829,836"
"2020/05/19","1,401.0","1,447.5","1,388.0","1,403.0","-4.5","11,971,600","16,929,204","4,600","240,600","52.30","-","-","1,418.80","1,417.28","1,438.58","1,443.16","1,467.49","7,428,140","7,443,976","10,779,126"
"2020/05/18","1,432.0","1,434.5","1,403.5","1,407.5","-14.5","5,169,000","7,317,187","37,700","233,400","6.19","-","-","1,429.20","1,416.68","1,439.65","1,443.65","1,467.60","6,469,120","7,268,904","10,672,822"
"2020/05/15","1,429.0","1,438.0","1,422.0","1,422.0","-8.0","4,610,700","6,587,047","38,900","310,300","7.98","-","-","1,441.70","1,416.24","1,440.53","1,444.12","1,467.68","7,056,020","7,498,684","10,653,512"
"2020/05/14","1,423.5","1,442.0","1,421.0","1,430.0","-1.5","7,012,400","10,046,856","44,400","314,000","7.07","-","-","1,448.40","1,414.84","1,441.29","1,444.44","1,467.73","7,301,780","7,822,292","10,665,641"
"2020/05/13","1,444.5","1,464.0","1,431.5","1,431.5","-23.5","8,377,000","12,103,657","53,000","369,300","6.97","-","-","1,453.30","1,409.48","1,441.75","1,444.70","1,467.75","7,105,700","7,910,548","10,633,042"
"2020/05/12","1,455.0","1,465.5","1,447.0","1,455.0","-15.0","7,176,500","10,429,491","87,200","360,900","4.14","-","-","1,455.30","1,404.54","1,442.24","1,445.08","1,467.81","7,058,860","8,080,456","10,583,345"
"2020/05/11","1,470.0","1,472.0","1,455.5","1,470.0","+14.5","8,103,500","11,893,571","114,000","362,000","3.18","-","-","1,457.10","1,400.38","1,442.44","1,445.13","1,467.73","8,593,280","8,217,244","10,560,214"
"2020/05/08","1,465.5","1,472.0","1,443.5","1,455.5","+1.0","5,839,500","8,498,750","40,300","401,600","9.97","-","-","1,454.70","1,396.56","1,442.44","1,445.21","1,467.55","8,908,820","8,377,700","10,519,794"
"2020/05/07","1,440.0","1,454.5","1,432.5","1,454.5","+13.0","6,032,000","8,716,668","35,900","455,200","12.68","-","-","1,449.40","1,392.52","1,442.73","1,445.46","1,467.42","9,059,260","8,810,572","10,512,146"
"2020/05/01","1,454.0","1,464.0","1,441.0","1,441.5","-22.5","8,142,800","11,802,669","59,300","409,700","6.91","-","-","1,442.50","1,391.96","1,443.14","1,445.72","1,467.37","9,454,820","9,416,888","10,525,878"
"2020/04/30","1,470.0","1,476.0","1,463.5","1,464.0","+6.0","14,848,600","21,800,411","279,000","219,200","0.79","0.00","-","1,435.00","1,390.88","1,443.61","1,446.14","1,467.36","8,994,980","9,680,700","10,515,649"
"2020/04/28","1,426.0","1,458.0","1,425.0","1,458.0","+29.0","9,681,200","13,991,923","167,600","234,600","1.40","-","-","1,421.80","1,389.08","1,443.67","1,446.36","1,467.21","7,251,580","9,758,532","10,415,934"
"2020/04/27","1,414.5","1,429.5","1,412.5","1,429.0","+9.0","6,591,700","9,382,050","67,800","244,300","3.60","-","-","1,408.50","1,385.68","1,443.53","1,446.72","1,467.03","6,749,160","10,261,340","10,408,314"
"2020/04/24","1,396.5","1,420.0","1,394.5","1,420.0","+16.0","8,009,800","11,319,516","133,700","264,700","1.98","-","-","1,399.00","1,385.08","1,443.93","1,447.42","1,466.91","6,562,920","10,906,568","10,404,249"
"2020/04/23","1,398.0","1,404.0","1,391.0","1,404.0","+6.0","5,843,600","8,175,265","58,800","233,000","3.96","-","-","1,397.70","1,386.82","1,444.30","1,448.25","1,466.81","7,019,840","11,546,608","10,406,192"
"2020/04/22","1,400.0","1,400.0","1,388.0","1,398.0","+6.5","6,131,600","8,562,067","37,300","315,600","8.46","-","-","1,396.20","1,388.86","1,445.04","1,449.19","1,466.80","7,073,220","12,030,896","10,413,748"
"2020/04/21","1,390.0","1,398.0","1,384.5","1,391.5","+10.0","7,169,100","9,987,267","219,600","272,900","1.24","-","-","1,396.10","1,390.32","1,445.80","1,450.21","1,466.87","7,461,240","12,437,712","10,446,502"
"2020/04/20","1,380.0","1,401.0","1,379.0","1,381.5","-32.0","5,660,500","7,854,897","57,600","349,500","6.07","-","-","1,392.30","1,391.66","1,446.37","1,451.28","1,466.99","7,642,720","12,714,432","10,431,997"
"2020/04/17","1,400.0","1,416.5","1,391.5","1,413.5","+17.0","10,294,400","14,473,491","134,800","321,200","2.38","-","-","1,392.30","1,393.44","1,447.01","1,452.29","1,467.11","7,464,200","13,534,772","10,424,632"
"2020/04/16","1,397.0","1,400.0","1,385.0","1,396.5","-1.0","6,110,500","8,520,828","70,700","314,600","4.45","-","-","1,384.40","1,394.22","1,447.16","1,453.09","1,467.14","6,320,280","13,829,060","10,416,742"
"2020/04/15","1,372.5","1,399.5","1,366.0","1,397.5","+25.0","8,071,700","11,215,565","126,900","335,200","2.64","-","-","1,381.10","1,396.44","1,447.59","1,454.16","1,467.19","6,664,680","14,045,384","10,431,241"
"2020/04/14","1,366.0","1,374.0","1,349.0","1,372.5","-9.0","8,076,500","11,033,379","98,600","361,800","3.67","-","-","1,379.20","1,398.70","1,448.28","1,455.26","1,467.25","6,569,300","14,429,884","10,516,845"
"2020/04/13","1,366.5","1,389.0","1,361.5","1,381.5","+7.5","4,767,900","6,572,821","136,000","361,600","2.66","-","-","1,384.00","1,402.32","1,449.12","1,456.63","1,467.43","7,136,700","14,813,188","10,505,486"
"2020/04/10","1,373.5","1,381.5","1,356.5","1,374.0","-6.0","4,574,800","6,262,614","15,400","380,100","24.68","-","-","1,385.10","1,405.64","1,449.93","1,457.62","1,467.56","8,723,300","15,157,524","10,529,824"
"2020/04/09","1,378.5","1,383.5","1,358.5","1,380.0","-8.0","7,832,500","10,726,054","0","406,100","0.00","-","-","1,369.50","1,410.30","1,450.83","1,458.72","1,467.75","9,652,100","15,404,184","10,596,089"
"2020/04/08","1,400.0","1,405.0","1,374.0","1,388.0","-8.5","7,594,800","10,541,430","0","385,300","0.00","-","-","1,355.10","1,413.94","1,451.78","1,459.85","1,467.85","10,610,540","15,626,016","10,563,961"
"2020/04/07","1,397.5","1,404.0","1,367.0","1,396.5","+9.5","10,913,500","15,172,957","34,500","386,100","11.19","-","-","1,347.70","1,415.56","1,452.63","1,460.86","1,467.95","11,210,820","15,751,664","10,590,570"
"2020/04/06","1,300.0","1,394.0","1,298.5","1,387.0","+91.0","12,700,900","17,274,495","64,500","451,100","6.99","-","-","1,343.30","1,416.90","1,453.41","1,461.75","1,468.07","11,451,100","15,905,516","10,524,292"
"2020/04/03","1,301.5","1,333.0","1,287.0","1,296.0","-12.0","9,218,800","12,036,486","10,000","495,800","49.58","-","-","1,336.80","1,417.92","1,454.31","1,462.94","1,468.16","12,243,180","16,325,148","10,434,528"
"2020/04/02","1,350.0","1,369.0","1,304.5","1,308.0","-43.0","12,624,700","16,693,994","10,100","489,400","48.46","-","-","1,365.70","1,424.10","1,456.44","1,464.97","1,468.83","14,637,400","16,470,556","10,395,638"
"2020/04/01","1,370.0","1,393.0","1,337.5","1,351.0","-23.5","10,596,200","14,506,763","150,300","441,500","2.94","-","-","1,387.00","1,430.68","1,458.59","1,466.90","1,469.44","15,060,080","16,377,740","10,320,802"
"2020/03/31","1,369.5","1,388.0","1,357.5","1,374.5","+20.0","12,114,900","16,639,211","220,200","582,900","2.65","-","-","1,400.60","1,435.86","1,460.04","1,468.24","1,469.84","16,299,720","16,495,236","10,292,438"
"2020/03/30","1,370.0","1,390.0","1,321.0","1,354.5","-86.0","16,661,300","22,473,720","247,600","862,000","3.48","-","-","1,400.30","1,440.98","1,461.42","1,469.52","1,470.13","18,327,020","16,425,604","10,211,204"
"2020/03/27","1,433.5","1,446.5","1,420.5","1,440.5","+26.0","21,189,900","30,393,024","5,078,300","698,100","0.14","3.25","-","1,412.20","1,446.18","1,463.11","1,470.91","1,470.48","19,539,240","16,034,508","10,089,146"
"2020/03/26","1,397.0","1,419.5","1,391.0","1,414.5","-4.5","14,738,100","20,725,487","4,105,900","989,900","0.24","0.05","-","1,416.80","1,448.36","1,463.63","1,471.31","1,470.33","20,103,420","15,408,204","9,874,318"
"2020/03/25","1,389.0","1,420.5","1,375.5","1,419.0","+46.0","16,794,400","23,532,801","4,125,900","811,900","0.20","0.05","-","1,424.90","1,451.66","1,464.55","1,471.91","1,470.34","20,745,960","15,025,820","9,745,545"
"2020/03/24","1,400.0","1,421.0","1,352.0","1,373.0","-41.0","22,251,400","30,806,362","4,047,600","955,200","0.24","0.00","-","1,428.00","1,455.00","1,465.45","1,472.62","1,470.34","20,647,480","14,588,904","9,601,457"
"2020/03/23","1,430.0","1,448.0","1,382.0","1,414.0","-49.5","22,722,400","32,205,330","4,282,000","570,100","0.13","0.05","-","1,438.40","1,460.56","1,467.07","1,473.83","1,470.68","19,014,620","13,946,664","9,366,958"
"2020/03/19","1,468.5","1,493.5","1,440.0","1,463.5","+8.5","24,010,800","35,361,150","4,522,800","468,300","0.10","0.05","-","1,440.80","1,464.36","1,468.20","1,474.50","1,470.79","19,703,940","13,458,248","9,130,808"
"2020/03/18","1,455.0","1,466.0","1,441.0","1,455.0","+20.5","17,950,800","26,162,966","4,435,500","559,600","0.13","0.05","-","1,434.70","1,466.02","1,468.72","1,474.78","1,470.66","18,432,100","12,994,788","9,015,460"
"2020/03/17","1,405.0","1,452.0","1,404.5","1,434.5","+9.5","16,302,000","23,419,160","4,288,900","180,800","0.04","0.05","-","1,434.10","1,467.32","1,469.29","1,475.24","1,470.53","17,145,660","12,766,496","8,829,088"
"2020/03/16","1,427.0","1,462.5","1,418.0","1,425.0","-1.0","14,087,100","20,304,020","234,900","218,300","0.93","-","-","1,438.00","1,470.58","1,470.17","1,475.95","1,470.52","17,422,100","12,628,132","8,678,558"
"2020/03/13","1,390.0","1,455.5","1,323.0","1,426.0","-7.0","26,169,000","36,407,245","210,800","162,800","0.77","-","-","1,445.60","1,473.72","1,471.15","1,476.78","1,470.59","18,136,500","12,367,292","8,574,921"
"2020/03/12","1,440.0","1,446.0","1,401.0","1,433.0","-19.0","17,651,600","25,140,720","169,200","180,800","1.07","-","-","1,453.30","1,476.66","1,471.90","1,477.70","1,470.56","15,577,960","11,547,576","8,318,209"
"2020/03/11","1,456.5","1,462.5","1,447.0","1,452.0","-2.0","11,518,600","16,745,947","156,600","169,300","1.08","-","-","1,464.80","1,479.18","1,472.71","1,478.52","1,470.36","14,195,900","11,138,072","8,142,850"
"2020/03/10","1,442.5","1,463.0","1,419.5","1,454.0","-9.0","17,684,200","25,583,897","209,500","165,800","0.79","-","-","1,468.60","1,481.10","1,473.39","1,479.14","1,470.13","14,567,840","11,032,092","8,063,738"
"2020/03/09","1,427.5","1,463.0","1,426.0","1,463.0","-1.5","17,659,100","25,596,202","168,800","126,200","0.75","-","-","1,463.50","1,482.78","1,474.11","1,479.64","1,469.94","13,178,200","10,608,392","7,942,158"
"2020/03/06","1,469.0","1,474.5","1,446.0","1,464.5","-26.0","13,376,300","19,539,794","67,500","233,000","3.45","-","-","1,456.90","1,484.02","1,474.73","1,479.97","1,469.82","12,598,340","10,182,496","8,042,626"
"2020/03/05","1,474.5","1,491.5","1,469.0","1,490.5","+19.5","10,741,300","15,941,234","199,200","226,100","1.14","-","-","1,446.50","1,484.84","1,474.95","1,480.29","1,469.69","14,561,420","9,821,600","7,924,785"
"2020/03/04","1,427.5","1,474.5","1,427.5","1,471.0","+42.5","13,378,300","19,502,311","105,400","216,700","2.06","-","-","1,438.50","1,484.22","1,474.86","1,480.33","1,469.36","14,983,960","9,620,984","7,867,558"
"2020/03/03","1,450.0","1,457.0","1,428.5","1,428.5","-1.5","10,736,000","15,462,175","3,600","300,500","83.47","-","-","1,438.80","1,484.52","1,475.15","1,480.62","1,469.01","14,369,160","9,267,388","7,758,472"
"2020/03/02","1,400.0","1,437.0","1,393.5","1,430.0","+17.5","14,759,800","20,957,448","52,100","264,400","5.07","-","-","1,449.20","1,486.70","1,475.96","1,481.05","1,468.42","14,928,680","8,997,900","7,738,172"
"2020/02/28","1,420.5","1,431.5","1,400.5","1,412.5","-38.0","23,191,700","32,756,321","900","207,500","230.56","-","-","1,463.70","1,488.46","1,476.70","1,481.39","1,467.79","14,051,540","8,556,336","7,747,521"
"2020/02/27","1,470.0","1,470.0","1,444.0","1,450.5","-22.0","12,854,000","18,701,130","2,400","191,700","79.88","-","-","1,478.10","1,491.10","1,477.94","1,482.11","1,467.28","10,789,980","7,849,484","7,580,297"
"2020/02/26","1,475.0","1,483.5","1,464.0","1,472.5","-8.0","10,304,300","15,181,288","28,200","122,300","4.34","-","-","1,487.00","1,491.68","1,478.59","1,482.97","1,466.69","9,325,640","7,518,024","7,517,130"
"2020/02/25","1,470.0","1,494.0","1,464.5","1,480.5","-22.0","13,533,600","20,040,335","17,200","164,900","9.59","-","-","1,491.90","1,491.50","1,478.97","1,483.65","1,466.03","8,300,480","7,291,840","7,472,488"
"2020/02/21","1,490.0","1,502.5","1,487.0","1,502.5","+18.0","10,374,100","15,533,426","104,800","120,000","1.15","-","-","1,496.30","1,491.08","1,479.03","1,484.38","1,465.26","6,768,060","6,968,164","7,396,365"
"2020/02/20","1,500.0","1,500.0","1,484.0","1,484.5","-10.5","6,883,900","10,264,307","20,000","133,700","6.69","-","-","1,498.20","1,489.78","1,479.03","1,484.84","1,464.45","5,932,320","6,756,080","7,490,276"
"2020/02/19","1,505.0","1,508.0","1,495.0","1,495.0","-2.0","5,532,300","8,302,108","56,800","118,200","2.08","-","-","1,503.10","1,489.48","1,479.15","1,485.30","1,463.73","6,657,940","6,691,360","7,487,601"
"2020/02/18","1,502.0","1,502.0","1,493.5","1,497.0","-5.5","5,178,500","7,759,434","68,800","116,700","1.70","-","-","1,505.10","1,489.10","1,478.95","1,485.74","1,462.96","8,036,340","6,752,544","7,483,190"
"2020/02/17","1,507.0","1,510.0","1,500.5","1,502.5","-9.5","5,871,500","8,835,568","63,300","152,900","2.42","-","-","1,503.20","1,488.30","1,478.66","1,486.07","1,462.19","9,449,340","6,840,428","7,504,312"
"2020/02/14","1,505.0","1,513.0","1,503.5","1,512.0","+3.0","6,195,400","9,346,888","82,600","145,300","1.76","-","-","1,505.90","1,486.92","1,478.49","1,486.18","1,461.35","10,843,620","6,900,368","7,501,050"
"2020/02/13","1,501.0","1,513.0","1,500.5","1,509.0","+4.0","10,512,000","15,856,278","55,300","151,400","2.74","-","-","1,504.20","1,484.36","1,478.25","1,486.14","1,460.26","11,117,760","7,016,940","7,500,294"
"2020/02/12","1,497.0","1,511.0","1,487.0","1,505.0","+17.5","12,424,300","18,626,022","37,300","162,900","4.37","-","-","1,502.30","1,482.34","1,477.88","1,486.12","1,459.04","10,150,580","6,847,932","7,459,952"
"2020/02/10","1,506.5","1,510.0","1,487.5","1,487.5","-28.5","12,243,500","18,295,109","22,600","316,700","14.01","-","-","1,500.50","1,480.06","1,477.69","1,486.09","1,457.90","9,148,520","6,677,180","7,408,517"
"2020/02/07","1,505.0","1,516.0","1,503.5","1,516.0","+12.5","12,842,900","19,413,191","15,700","196,100","12.49","-","-","1,503.00","1,478.94","1,477.87","1,486.22","1,456.62","8,473,640","6,443,852","7,335,280"
"2020/02/06","1,503.0","1,505.0","1,502.0","1,503.5","+4.0","7,566,100","11,377,125","170,300","212,000","1.24","-","-","1,499.00","1,476.50","1,477.74","1,486.06","1,455.20","7,323,400","6,273,664","7,273,693"
"2020/02/05","1,500.0","1,502.5","1,496.0","1,499.5","+3.5","5,676,100","8,512,094","158,700","201,300","1.27","-","-","1,497.10","1,473.74","1,477.79","1,486.09","1,453.98","7,212,520","6,214,268","7,263,186"
"2020/02/04","1,498.0","1,503.0","1,489.0","1,496.0","-4.0","7,414,000","11,104,371","81,700","149,100","1.82","-","-","1,494.20","1,470.94","1,478.05","1,486.09","1,452.76","6,948,080","6,191,548","7,345,312"
"2020/02/03","1,488.5","1,503.0","1,480.0","1,500.0","+4.0","8,869,100","13,269,703","0","140,200","0.00","-","-","1,490.00","1,468.08","1,478.29","1,486.10","1,451.46","6,610,460","6,283,096","7,334,944"
"2020/01/31","1,489.5","1,499.0","1,486.5","1,496.0","+2.0","7,091,700","10,602,146","21,100","142,500","6.75","-","-","1,485.70","1,465.24","1,478.49","1,486.04","1,450.13","5,744,320","6,216,248","7,358,140"
"2020/01/30","1,483.0","1,494.5","1,481.0","1,494.0","+9.0","7,011,700","10,444,744","8,000","160,300","20.04","-","-","1,483.10","1,463.36","1,478.59","1,485.99","1,448.74","5,125,740","6,512,260","7,352,594"
"2020/01/29","1,475.5","1,485.0","1,474.0","1,485.0","+10.0","4,353,900","6,448,690","16,800","164,900","9.82","-","-","1,479.10","1,461.02","1,478.62","1,485.93","1,447.41","4,467,540","6,520,776","7,342,333"
"2020/01/28","1,472.5","1,480.0","1,465.5","1,475.0","-3.5","5,725,900","8,437,719","14,300","169,500","11.85","-","-","1,477.80","1,459.32","1,478.77","1,486.02","1,446.22","4,700,840","6,610,348","7,402,369"
"2020/01/27","1,463.0","1,482.5","1,462.0","1,478.5","-4.5","4,538,400","6,692,780","22,300","160,200","7.18","-","-","1,475.80","1,457.98","1,479.03","1,486.32","1,445.14","4,469,160","6,763,100","7,422,333"
"2020/01/24","1,478.5","1,484.0","1,476.5","1,483.0","+9.0","3,998,800","5,926,668","14,100","155,100","11.00","-","-","1,473.70","1,456.88","1,479.31","1,486.59","1,444.18","4,491,420","6,798,480","7,475,184"
"2020/01/23","1,478.5","1,482.0","1,473.5","1,474.0","-4.5","3,720,700","5,495,325","0","159,500","0.00","-","-","1,471.10","1,455.64","1,479.16","1,486.93","1,443.28","4,780,000","7,022,148","7,492,154"
"2020/01/22","1,469.0","1,481.0","1,468.5","1,478.5","+13.5","5,520,400","8,141,499","18,800","158,900","8.45","-","-","1,470.30","1,454.88","1,479.03","1,487.37","1,442.37","5,050,260","7,111,024","7,565,658"
"2020/01/21","1,469.0","1,471.0","1,462.5","1,465.0","-3.0","4,567,500","6,696,227","0","163,400","0.00","-","-","1,470.00","1,453.90","1,479.11","1,487.64","1,441.47","4,999,360","7,128,952","7,704,930"
"2020/01/20","1,473.0","1,478.0","1,468.0","1,468.0","-2.0","4,649,700","6,839,852","9,600","152,200","15.85","-","-","1,474.10","1,453.54","1,480.06","1,488.05","1,440.76","5,498,240","7,198,336","7,853,696"
"2020/01/17","1,470.0","1,471.5","1,465.0","1,470.0","0.0","5,441,700","7,991,173","0","142,600","0.00","-","-","1,475.90","1,453.58","1,481.03","1,488.38","1,440.17","6,043,420","7,292,828","7,954,466"
"2020/01/16","1,472.0","1,474.5","1,467.0","1,470.0","-7.0","5,072,000","7,455,633","5,000","147,500","29.50","-","-","1,475.50","1,453.18","1,482.14","1,488.69","1,439.60","6,429,080","7,413,916","8,055,490"
"2020/01/15","1,483.5","1,485.0","1,473.5","1,477.0","-8.5","5,265,900","7,786,478","5,000","165,200","33.04","-","-","1,471.10","1,453.50","1,483.19","1,488.94","1,438.95","7,236,620","7,451,928","8,279,760"
"2020/01/14","1,481.0","1,485.5","1,476.0","1,485.5","+8.5","7,061,900","10,464,210","25,500","218,400","8.56","-","-","1,467.40","1,453.66","1,483.90","1,489.14","1,438.23","7,440,800","7,541,572","8,376,329"
"2020/01/10","1,466.0","1,477.0","1,464.0","1,477.0","+9.0","7,375,600","10,860,682","42,300","195,200","4.61","-","-","1,459.90","1,453.44","1,484.62","1,489.28","1,437.46","7,659,520","7,462,208","8,458,884"
"2020/01/09","1,468.0","1,468.5","1,459.0","1,468.0","+20.0","7,370,000","10,805,018","49,400","255,500","5.17","-","-","1,456.40","1,453.70","1,485.33","1,489.46","1,436.81","7,466,460","7,370,388","8,605,253"
"2020/01/08","1,452.0","1,454.5","1,437.5","1,448.0","-10.5","9,109,700","13,184,969","15,400","316,300","20.54","-","-","1,453.80","1,454.42","1,485.93","1,489.70","1,436.11","7,710,100","7,315,100","8,642,526"
"2020/01/07","1,451.0","1,463.5","1,451.0","1,458.5","+10.5","6,286,800","9,171,775","25,000","327,200","13.09","-","-","1,451.10","1,456.28","1,486.73","1,489.97","1,435.46","7,104,400","7,137,272","8,648,477"
"2020/01/06","1,459.0","1,463.0","1,446.0","1,448.0","-11.5","8,155,500","11,830,982","43,100","322,400","7.48","-","-","1,445.30","1,457.90","1,487.37","1,490.18","1,434.76","6,868,660","7,086,244","8,673,881"
"2019/12/30","1,452.5","1,468.5","1,451.0","1,459.5","+4.5","6,410,300","9,360,185","43,100","181,200","4.20","-","-","1,440.60","1,460.08","1,488.10","1,490.29","1,434.17","7,178,100","7,374,412","8,659,100"
"2019/12/27","1,442.5","1,457.5","1,433.0","1,455.0","+20.5","8,588,200","12,428,933","70,900","214,400","3.02","-","-","1,434.50","1,461.62","1,488.65","1,490.35","1,433.57","7,335,620","7,276,916","8,669,584"
"2019/12/26","1,428.0","1,435.5","1,424.0","1,434.5","+5.0","6,081,200","8,699,719","41,600","227,100","5.46","-","-","1,433.30","1,463.44","1,489.25","1,490.55","1,432.98","8,516,380","7,133,880","8,721,056"
"2019/12/25","1,427.5","1,434.0","1,425.0","1,429.5","+5.0","5,108,100","7,304,859","59,200","208,700","3.53","-","-","1,433.50","1,466.00","1,490.21","1,490.89","1,432.56","8,745,060","7,143,204","8,753,193"
"2019/12/24","1,427.0","1,428.5","1,412.5","1,424.5","-4.5","9,702,700","13,779,992","51,000","218,600","4.29","-","-","1,436.10","1,468.10","1,491.14","1,491.30","1,432.37","9,042,080","7,215,504","8,757,400"
"2019/12/23","1,449.5","1,450.5","1,429.0","1,429.0","-20.0","7,197,900","10,336,429","35,300","198,800","5.63","-","-","1,439.50","1,470.88","1,492.10","1,491.69","1,432.21","9,010,480","7,007,384","8,693,277"
"2019/12/20","1,435.0","1,449.0","1,426.5","1,449.0","+13.5","14,492,000","20,843,140","29,000","151,200","5.21","-","-","1,443.90","1,473.84","1,492.97","1,491.86","1,431.96","8,655,480","6,942,876","8,641,114"
"2019/12/19","1,442.0","1,446.0","1,434.0","1,435.5","-7.0","7,224,600","10,389,161","73,500","218,900","2.98","-","-","1,444.50","1,476.20","1,493.53","1,491.88","1,431.58","7,675,180","6,705,824","8,542,044"
"2019/12/18","1,439.0","1,446.0","1,436.5","1,442.5","+1.0","6,593,200","9,507,891","45,700","180,600","3.95","-","-","1,448.40","1,479.14","1,494.23","1,491.96","1,431.16","7,418,780","7,424,608","8,560,578"
"2019/12/17","1,450.5","1,453.0","1,436.0","1,441.5","-9.5","9,544,700","13,775,797","15,300","204,400","13.36","-","-","1,450.70","1,480.68","1,494.92","1,491.97","1,430.69","7,293,860","7,342,408","8,597,089"
"2019/12/16","1,450.5","1,453.5","1,448.0","1,451.0","-1.0","5,422,900","7,867,580","15,800","189,600","12.00","-","-","1,453.60","1,482.38","1,495.77","1,491.95","1,430.23","6,645,340","7,218,592","8,582,576"
"2019/12/13","1,451.0","1,458.5","1,450.5","1,452.0","-3.0","9,590,500","13,938,724","15,900","213,600","13.43","-","-","1,457.20","1,484.06","1,496.49","1,491.82","1,429.77","6,963,160","7,209,548","8,641,344"
"2019/12/12","1,455.0","1,459.0","1,451.5","1,455.0","+1.0","5,942,600","8,643,282","27,600","185,200","6.71","-","-","1,458.80","1,485.54","1,497.35","1,491.55","1,429.15","6,738,840","7,194,468","8,700,416"
"2019/12/11","1,459.5","1,463.0","1,451.5","1,454.0","-2.0","5,968,600","8,685,087","18,300","137,000","7.49","-","-","1,463.40","1,486.76","1,498.19","1,491.23","1,428.32","6,754,780","7,575,204","8,900,580"
"2019/12/10","1,467.5","1,471.5","1,456.0","1,456.0","-13.0","6,302,100","9,211,495","8,400","127,400","15.17","-","-","1,468.80","1,488.82","1,498.89","1,491.02","1,427.48","7,062,460","7,762,456","8,932,025"
"2019/12/09","1,470.0","1,471.5","1,461.5","1,469.0","+9.0","7,012,000","10,287,965","32,300","104,500","3.24","-","-","1,473.60","1,490.54","1,499.55","1,490.81","1,426.69","6,817,600","7,835,032","8,992,042"
"2019/12/06","1,482.0","1,484.0","1,460.0","1,460.0","-18.0","8,468,900","12,429,303","27,200","96,400","3.54","-","-","1,476.50","1,491.82","1,499.97","1,490.54","1,425.80","6,431,220","7,832,796","8,972,230"
"2019/12/05","1,485.0","1,486.5","1,477.0","1,478.0","-3.0","6,022,300","8,913,146","6,800","96,900","14.25","-","-","1,481.70","1,492.82","1,500.52","1,490.33","1,424.85","5,935,000","7,807,016","8,990,081"
"2019/12/04","1,478.0","1,484.0","1,476.5","1,481.0","+1.0","7,507,000","11,108,949","17,100","66,200","3.87","-","-","1,485.00","1,493.82","1,500.75","1,489.90","1,423.99","5,663,340","8,262,820","9,025,898"
"2019/12/03","1,483.0","1,484.0","1,480.0","1,480.0","-3.5","5,077,800","7,522,421","5,700","74,400","13.05","-","-","1,488.60","1,494.32","1,500.97","1,489.39","1,423.19","5,164,160","8,229,872","9,045,406"
"2019/12/02","1,486.0","1,493.5","1,483.5","1,483.5","-2.5","5,080,100","7,551,021","15,700","134,400","8.56","-","-","1,493.10","1,494.32","1,501.22","1,489.03","1,422.59","7,220,540","8,234,820","9,139,266"
"2019/11/29","1,493.0","1,494.0","1,485.5","1,486.0","-8.5","5,987,800","8,912,826","4,700","131,000","27.87","-","-","1,496.00","1,493.98","1,501.37","1,488.59","1,421.93","6,999,100","8,302,120","9,424,156"
"2019/11/28","1,496.0","1,496.5","1,488.0","1,494.5","-4.5","4,664,000","6,964,017","6,000","62,700","10.45","-","-","1,498.90","1,494.14","1,501.45","1,488.06","1,421.13","6,804,000","8,287,684","9,565,284"
"2019/11/27","1,501.0","1,502.0","1,493.0","1,499.0","-3.5","5,011,100","7,501,621","20,600","67,100","3.26","-","-","1,499.70","1,494.12","1,501.20","1,487.34","1,420.37","7,134,060","8,346,672","9,654,673"
"2019/11/26","1,499.0","1,502.5","1,493.0","1,502.5","+4.5","15,359,700","23,043,523","22,600","50,600","2.24","-","-","1,496.30","1,493.40","1,500.94","1,486.40","1,419.77","7,514,960","8,445,680","9,930,992"
"2019/11/25","1,501.5","1,505.0","1,492.5","1,498.0","-2.5","3,972,900","5,948,847","11,900","54,500","4.58","-","-","1,494.60","1,492.94","1,500.35","1,485.37","1,419.36","5,342,960","8,173,960","9,834,328"
"2019/11/22","1,498.0","1,503.0","1,496.5","1,500.5","+2.0","5,012,300","7,521,595","37,500","49,900","1.33","-","-","1,495.60","1,493.06","1,499.92","1,484.41","1,418.98","5,665,420","8,285,072","9,894,492"
"2019/11/21","1,485.0","1,498.5","1,482.0","1,498.5","+16.5","6,314,300","9,414,049","44,400","51,000","1.15","-","-","1,497.10","1,493.28","1,499.58","1,483.53","1,418.58","6,376,100","8,413,536","9,945,249"
"2019/11/20","1,496.0","1,498.5","1,481.0","1,482.0","-12.0","6,915,600","10,279,316","10,500","131,700","12.54","-","-","1,499.20","1,493.64","1,499.19","1,482.70","1,418.24","10,152,080","8,432,088","9,993,118"
"2019/11/19","1,500.0","1,503.0","1,493.5","1,494.0","-9.0","4,499,700","6,740,217","17,400","82,900","4.76","-","-","1,499.00","1,495.10","1,499.03","1,481.94","1,418.00","9,676,600","8,628,884","10,073,368"
"2019/11/18","1,505.0","1,505.0","1,497.0","1,503.0","-5.0","5,585,200","8,384,501","14,500","288,600","19.90","-","-","1,497.00","1,495.92","1,498.63","1,481.19","1,417.70","10,066,520","8,714,352","10,181,694"
"2019/11/15","1,510.0","1,510.0","1,499.0","1,508.0","-1.0","8,565,700","12,905,046","91,500","274,400","3.00","-","-","1,495.00","1,496.38","1,497.86","1,480.22","1,417.36","9,988,840","8,915,296","10,195,466"
"2019/11/14","1,500.0","1,520.0","1,499.5","1,509.0","+28.0","25,194,200","38,042,567","228,800","92,800","0.41","0.00","-","1,491.20","1,496.20","1,497.11","1,479.24","1,416.97","10,118,400","8,839,700","10,319,161"
"2019/11/13","1,486.0","1,488.0","1,479.0","1,481.0","-3.0","4,538,200","6,732,368","14,100","108,300","7.68","-","-","1,486.50","1,495.70","1,496.23","1,478.24","1,416.58","8,171,760","8,081,616","10,056,920"
"2019/11/12","1,490.0","1,490.0","1,482.0","1,484.0","-9.0","6,449,300","9,574,096","17,100","117,600","6.88","-","-","1,491.40","1,496.30","1,495.73","1,477.49","1,416.30","9,394,100","8,254,352","10,082,108"
"2019/11/11","1,492.5","1,496.5","1,483.5","1,493.0","+4.0","5,196,800","7,754,671","38,900","118,800","3.05","-","-","1,494.40","1,496.72","1,495.13","1,476.78","1,415.95","9,727,540","8,285,308","10,057,581"
"2019/11/08","1,492.5","1,499.5","1,475.0","1,489.0","+3.5","9,213,500","13,716,848","46,600","136,500","2.93","-","-","1,496.00","1,497.00","1,494.40","1,475.86","1,415.65","10,079,400","8,417,524","10,083,609"
"2019/11/07","1,485.5","1,493.5","1,473.0","1,485.5","-20.0","15,461,000","22,931,369","18,300","181,500","9.92","-","-","1,495.20","1,496.30","1,493.55","1,475.04","1,415.33","9,801,580","8,259,848","10,050,240"
"2019/11/06","1,509.0","1,513.0","1,499.5","1,505.5","+6.5","10,649,900","16,031,374","25,400","140,100","5.52","-","-","1,498.70","1,495.44","1,492.72","1,474.38","1,415.05","10,192,860","8,010,748","9,911,062"
"2019/11/05","1,500.5","1,506.0","1,493.0","1,499.0","-2.0","8,116,500","12,159,645","54,900","348,300","6.34","-","-","1,496.30","1,494.60","1,491.75","1,473.39","1,414.75","9,399,540","8,223,384","9,843,596"
"2019/11/01","1,482.0","1,502.5","1,481.0","1,501.0","+16.0","6,956,100","10,398,921","94,700","341,100","3.60","-","-","1,492.50","1,496.10","1,490.89","1,472.70","1,414.35","8,816,540","8,527,720","9,793,882"
"2019/10/31","1,499.0","1,500.0","1,482.5","1,485.0","-18.0","7,824,400","11,635,290","295,700","400,700","1.36","-","-","1,487.30","1,497.70","1,490.11","1,471.98","1,413.84","8,777,840","8,737,776","9,819,417"
"2019/10/30","1,490.0","1,503.5","1,490.0","1,503.0","+9.5","17,417,400","26,144,193","491,300","383,900","0.78","0.00","-","1,488.30","1,500.42","1,489.50","1,471.44","1,413.21","8,338,340","8,945,540","9,819,133"
"2019/10/29","1,489.5","1,496.5","1,487.5","1,493.5","+13.5","6,683,300","9,972,700","450,600","379,700","0.84","0.00","-","1,486.50","1,502.26","1,488.59","1,470.74","1,412.46","6,082,600","9,124,532","9,654,702"
"2019/10/28","1,473.5","1,489.0","1,473.0","1,480.0","+5.0","5,201,500","7,711,214","428,100","359,000","0.84","0.00","-","1,484.00","1,503.72","1,487.74","1,470.05","1,411.52","6,243,200","9,357,544","9,648,341"
"2019/10/25","1,488.0","1,488.5","1,473.0","1,475.0","-15.0","6,762,600","9,998,045","408,100","425,600","1.04","-","-","1,486.20","1,506.10","1,487.26","1,469.35","1,410.47","6,916,240","9,679,624","9,672,446"
"2019/10/24","1,497.0","1,502.0","1,489.0","1,490.0","-4.0","5,626,900","8,412,009","414,300","360,100","0.87","-","-","1,491.40","1,508.30","1,486.79","1,468.78","1,409.68","6,913,860","10,143,252","9,712,596"
"2019/10/23","1,490.0","1,497.0","1,480.5","1,494.0","+13.0","6,138,700","9,160,263","488,600","365,400","0.75","0.00","-","1,494.60","1,509.24","1,486.03","1,468.06","1,408.71","7,433,260","10,324,796","9,736,753"
"2019/10/21","1,487.0","1,487.0","1,472.5","1,481.0","-10.0","7,486,300","11,088,460","435,800","364,400","0.84","0.00","-","1,497.30","1,509.80","1,485.08","1,467.52","1,407.65","7,561,140","10,461,488","9,800,369"
"2019/10/18","1,498.0","1,501.0","1,487.0","1,491.0","-10.0","8,566,700","12,804,646","459,600","360,400","0.78","0.00","-","1,504.80","1,510.82","1,484.07","1,467.07","-","8,430,980","10,489,720","9,790,485"
"2019/10/17","1,506.5","1,512.0","1,499.0","1,501.0","-5.0","6,750,700","10,152,396","484,600","356,000","0.73","0.00","-","1,509.50","1,511.28","1,482.85","1,466.55","-","8,044,920","10,428,928","9,776,320"
"2019/10/16","1,518.0","1,518.0","1,502.5","1,506.0","-1.5","8,223,900","12,417,371","492,800","362,100","0.73","0.00","-","1,512.20","1,511.26","1,481.53","1,465.83","-","8,816,540","10,446,764","9,809,708"
"2019/10/15","1,520.0","1,524.5","1,507.5","1,507.5","-11.0","6,778,100","10,259,639","606,200","366,600","0.60","0.00","-","1,511.70","1,511.02","1,480.27","1,465.09","-","8,506,920","10,615,752","9,765,561"
"2019/10/11","1,516.0","1,523.0","1,513.5","1,518.5","+4.0","11,835,500","17,965,778","750,300","334,700","0.45","0.00","-","1,509.50","1,510.98","1,479.05","1,464.41","-","8,399,720","10,684,288","9,779,784"
"2019/10/10","1,507.5","1,514.5","1,504.0","1,514.5","0.0","6,636,400","10,028,341","728,700","349,900","0.48","0.00","-","1,505.00","1,510.22","1,477.55","1,463.43","-","7,803,940","10,427,812","9,706,080"
"2019/10/09","1,498.5","1,514.5","1,495.5","1,514.5","+11.0","10,608,800","16,009,823","706,200","365,600","0.52","0.00","-","1,501.00","1,509.50","1,476.27","1,462.21","-","7,921,300","10,358,096","9,783,801"
"2019/10/08","1,498.0","1,505.0","1,497.0","1,503.5","+7.0","6,675,800","10,022,025","496,600","347,400","0.70","0.00","-","1,498.10","1,508.70","1,474.83","1,461.13","-","7,499,980","10,065,172","9,729,601"
"2019/10/07","1,494.0","1,503.0","1,490.0","1,496.5","+0.5","6,242,100","9,343,765","512,400","205,500","0.40","0.00","-","1,491.70","1,508.18","1,473.59","1,460.24","-","7,219,140","10,080,608","9,705,073"
"2019/10/04","1,496.0","1,500.0","1,491.0","1,496.0","+1.5","8,856,600","13,253,461","369,200","1,145,300","3.10","-","-","1,485.20","1,507.84","1,472.42","1,459.67","-","7,817,420","10,175,512","9,681,112"
"2019/10/03","1,488.5","1,495.0","1,477.5","1,494.5","-5.5","7,223,200","10,746,381","1,260,700","1,102,200","0.87","0.00","-","1,482.90","1,507.78","1,471.22","1,459.09","-","9,239,260","10,194,508","9,624,472"
"2019/10/02","1,471.0","1,500.0","1,471.0","1,500.0","+28.5","8,502,200","12,672,942","1,423,300","1,056,300","0.74","0.00","-","1,491.30","1,508.20","1,470.13","1,458.39","-","10,939,600","10,243,828","9,621,632"
"2019/10/01","1,474.0","1,479.5","1,471.0","1,471.5","+7.5","5,271,600","7,771,831","1,339,000","1,119,200","0.84","0.00","-","1,499.50","1,508.40","1,468.81","1,457.40","-","11,680,660","10,296,960","9,599,409"
"2019/09/30","1,480.0","1,481.5","1,455.5","1,464.0","-20.5","9,233,500","13,531,754","1,344,900","1,104,500","0.82","0.00","-","1,515.80","1,510.22","1,467.95","1,455.80","-","13,230,040","10,646,932","9,604,420"
"2019/09/27","1,495.5","1,498.0","1,473.0","1,484.5","-52.0","15,965,800","23,679,794","1,413,900","1,208,800","0.85","0.00","-","1,532.80","1,512.38","1,467.36","1,454.19","-","15,761,780","11,115,788","9,576,002"
"2019/09/26","1,541.0","1,548.5","1,532.0","1,536.5","-4.5","15,724,900","24,227,400","3,366,100","847,000","0.25","3.35","-","1,541.90","1,513.24","1,466.31","1,452.46","-","15,070,340","10,810,236","9,500,858"
"2019/09/25","1,550.0","1,550.0","1,541.0","1,541.0","-12.0","12,207,500","18,858,954","1,338,200","1,031,700","0.77","0.00","-","1,542.50","1,512.02","1,464.89","1,450.41","-","14,576,060","10,613,376","9,348,889"
"2019/09/24","1,550.0","1,554.5","1,536.5","1,553.0","+4.0","13,018,500","20,179,300","1,383,100","1,050,600","0.76","0.00","-","1,540.30","1,510.40","1,463.41","1,448.40","-","15,805,220","10,346,120","9,257,504"
"2019/09/20","1,530.0","1,549.5","1,529.5","1,549.0","+19.0","21,892,200","33,783,849","2,102,000","727,200","0.35","0.05","-","1,532.40","1,508.32","1,461.78","1,446.14","-","15,234,620","10,217,688","9,205,902"
"2019/09/19","1,537.0","1,539.5","1,526.0","1,530.0","-9.5","12,508,600","19,167,520","2,167,900","960,000","0.44","0.00","-","1,524.20","1,506.18","1,460.23","1,444.07","-","12,767,380","9,690,344","9,008,984"
"2019/09/18","1,534.0","1,541.0","1,529.5","1,539.5","+9.5","13,253,500","20,367,107","2,218,200","766,600","0.35","0.05","-","1,519.50","1,504.86","1,458.83","1,442.17","-","11,904,080","9,548,804","8,930,694"
"2019/09/17","1,515.0","1,534.0","1,514.0","1,530.0","+16.5","18,353,300","27,955,095","2,676,200","782,800","0.29","0.00","-","1,512.10","1,503.24","1,457.10","1,440.18","-","10,662,760","9,503,356","8,850,258"
"2019/09/13","1,514.0","1,514.5","1,509.5","1,513.5","+5.5","10,165,500","15,377,057","2,625,000","704,800","0.27","0.05","-","1,506.20","1,501.84","1,455.60","1,438.31","-","8,431,420","9,827,096","8,679,613"
"2019/09/12","1,515.5","1,516.5","1,507.0","1,508.0","+1.5","9,556,000","14,434,280","2,586,000","736,000","0.28","0.05","-","1,503.50","1,500.98","1,454.33","1,436.52","-","8,888,040","10,083,372","8,642,828"
"2019/09/11","1,503.0","1,511.5","1,503.0","1,506.5","+4.0","8,192,100","12,342,387","2,261,500","674,600","0.30","0.05","-","1,503.20","1,499.68","1,453.43","1,434.38","-","8,675,140","10,155,860","8,635,934"
"2019/09/10","1,499.5","1,506.5","1,496.0","1,502.5","+2.0","7,046,900","10,586,265","1,328,500","705,100","0.53","0.00","-","1,501.80","1,498.60","1,452.49","1,431.97","-","8,121,440","10,857,576","8,609,572"
"2019/09/09","1,500.0","1,502.5","1,491.0","1,500.5","+0.5","7,196,600","10,780,508","1,435,400","718,000","0.50","0.00","-","1,500.60","1,496.84","1,451.63","1,429.71","-","7,690,760","10,900,096","8,629,156"
"2019/09/06","1,509.5","1,518.5","1,498.5","1,500.0","-6.5","12,448,600","18,767,601","1,778,600","714,000","0.40","0.00","-","1,499.40","1,495.44","1,450.69","1,427.02","-","6,908,580","10,951,640","8,639,529"
"2019/09/05","1,502.0","1,507.0","1,499.0","1,506.5","+7.0","8,491,500","12,771,728","1,454,300","695,600","0.48","0.00","-","1,497.50","1,494.44","1,449.78","1,424.34","-","5,831,200","10,806,460","8,574,508"
"2019/09/04","1,500.0","1,504.0","1,499.0","1,499.5","+3.0","5,423,600","8,139,085","1,336,700","732,700","0.55","0.00","-","1,493.80","1,492.94","1,448.89","1,421.86","-","5,855,840","10,862,980","8,685,722"
"2019/09/03","1,496.0","1,502.0","1,495.0","1,496.5","+2.0","4,893,500","7,335,247","1,752,100","717,500","0.41","0.00","-","1,492.80","1,491.78","1,447.83","1,419.43","-","6,637,420","11,163,408","8,737,885"
"2019/09/02","1,490.5","1,497.5","1,488.5","1,494.5","+4.0","3,285,700","4,911,730","1,571,900","815,900","0.52","0.00","-","1,494.50","1,490.46","1,446.45","1,416.82","-","7,349,960","11,472,636","8,785,684"
"2019/08/30","1,495.0","1,497.5","1,490.0","1,490.5","+2.5","7,061,700","10,540,912","1,622,300","757,100","0.47","0.00","-","1,496.60","1,488.50","1,445.27","1,414.22","-","8,658,920","11,605,932","8,843,937"
"2019/08/29","1,495.5","1,499.0","1,484.5","1,488.0","-6.5","8,614,700","12,849,230","1,697,100","741,100","0.44","0.00","-","1,501.90","1,486.94","1,444.25","1,411.49","-","10,050,760","12,037,176","8,937,170"
"2019/08/28","1,502.5","1,505.0","1,492.5","1,494.5","-10.5","9,331,500","13,970,291","1,910,800","774,000","0.41","0.00","-","1,507.90","1,485.16","1,443.61","1,408.89","-","12,518,800","11,913,632","9,140,049"
"2019/08/27","1,510.0","1,511.0","1,500.0","1,505.0","0.0","8,456,200","12,727,900","2,057,100","804,400","0.39","0.00","-","1,510.20","1,483.10","1,442.86","1,406.41","-","12,317,900","11,797,464","9,280,929"
"2019/08/26","1,501.5","1,508.0","1,497.0","1,505.0","-12.0","9,830,500","14,794,763","2,243,800","794,000","0.35","0.00","-","1,510.40","1,480.48","1,441.78","1,403.96","-","12,787,340","11,643,608","9,671,406"
"2019/08/23","1,515.0","1,522.0","1,511.0","1,517.0","-1.0","14,020,900","21,272,337","2,355,500","750,300","0.32","0.00","-","1,509.50","1,477.80","1,440.40","1,401.78","-","11,926,460","11,536,344","10,367,190"
"2019/08/22","1,506.0","1,518.5","1,504.0","1,518.0","+12.0","20,954,900","31,684,901","2,678,100","674,400","0.25","0.05","-","1,506.30","1,474.12","1,437.65","1,399.64","-","11,083,820","11,243,940","10,281,285"
"2019/08/21","1,502.0","1,507.0","1,499.0","1,506.0","0.0","8,327,000","12,518,983","2,529,100","1,065,900","0.42","0.05","-","1,501.80","1,470.34","1,434.79","1,397.37","-","8,634,560","10,606,652","10,172,245"
"2019/08/20","1,500.0","1,506.0","1,499.0","1,506.0","+5.5","10,803,400","16,247,936","2,552,300","1,033,200","0.40","0.05","-","1,500.00","1,467.40","1,432.20","1,395.31","-","8,763,180","10,497,168","10,180,017"
"2019/08/19","1,503.0","1,503.0","1,495.5","1,500.5","-0.5","5,526,100","8,287,083","2,485,800","1,050,800","0.42","0.05","-","1,498.60","1,464.56","1,429.87","1,393.47","-","9,025,960","10,240,552","10,406,001"
"2019/08/16","1,499.5","1,505.0","1,498.5","1,501.0","+5.5","9,807,700","14,727,670","2,536,900","966,400","0.38","0.05","-","1,497.50","1,462.22","1,427.73","1,391.96","-","13,210,100","10,374,356","10,462,821"
"2019/08/15","1,489.0","1,498.0","1,488.0","1,495.5","-1.5","8,708,600","13,004,648","2,609,800","876,000","0.34","0.05","-","1,495.70","1,459.76","1,425.41","1,390.52","-","14,563,040","10,294,172","10,448,165"
"2019/08/14","1,505.0","1,508.0","1,493.0","1,497.0","-2.0","8,970,100","13,444,278","2,505,400","798,000","0.32","0.05","-","1,491.70","1,457.34","1,423.36","1,388.95","-","15,094,960","10,149,232","10,434,670"
"2019/08/13","1,493.5","1,505.0","1,483.5","1,499.0","+4.0","12,117,300","18,146,405","2,573,000","797,400","0.31","0.05","-","1,488.20","1,454.64","1,421.27","1,387.32","-","18,447,940","10,038,676","10,426,990"
"2019/08/09","1,497.0","1,509.0","1,489.0","1,495.0","+3.0","26,446,800","39,656,912","2,490,400","746,800","0.30","0.05","-","1,480.10","1,452.44","1,419.16","1,385.64","-","17,646,460","9,834,360","10,400,072"
"2019/08/08","1,477.0","1,494.0","1,477.0","1,492.0","+16.5","16,572,400","24,651,983","2,260,200","463,200","0.20","0.05","-","1,474.20","1,450.22","1,417.13","1,384.17","-","14,054,140","9,167,440","10,205,028"
"2019/08/07","1,482.0","1,486.5","1,474.5","1,475.5","-4.0","11,368,200","16,821,524","2,208,300","435,300","0.20","0.05","-","1,470.80","1,447.86","1,415.03","1,382.52","-","12,503,480","8,802,092","10,361,505"
"2019/08/06","1,456.5","1,487.0","1,455.0","1,479.5","+21.0","25,735,000","37,862,213","2,263,800","420,500","0.19","0.05","-","1,469.50","1,445.76","1,412.61","1,380.95","-","12,210,740","8,783,760","10,384,562"
"2019/08/05","1,465.0","1,465.0","1,444.0","1,458.5","-7.0","8,109,900","11,790,202","1,557,900","709,700","0.46","0.05","-","1,467.70","1,442.78","1,409.75","1,379.35","-","9,650,600","8,024,160","10,214,412"
"2019/08/02","1,464.0","1,466.5","1,458.0","1,465.5","-9.5","8,485,200","12,415,153","1,804,300","683,800","0.38","0.05","-","1,468.70","1,440.42","1,407.33","1,378.06","-","10,553,460","7,999,936","10,330,094"
"2019/08/01","1,466.0","1,476.0","1,461.0","1,475.0","+6.0","8,819,100","12,977,413","1,698,200","456,200","0.27","0.05","-","1,464.70","1,437.88","1,404.21","1,376.79","-","10,180,040","8,030,720","10,335,260"
"2019/07/31","1,470.5","1,470.5","1,450.5","1,469.0","-1.5","9,904,500","14,501,382","1,997,900","476,300","0.24","0.05","-","1,460.00","1,435.36","1,400.97","1,375.41","-","11,984,780","7,874,472","10,374,669"
"2019/07/30","1,468.0","1,478.5","1,467.0","1,470.5","+7.0","12,934,300","19,042,192","2,153,600","469,400","0.22","0.05","-","1,454.90","1,433.22","1,398.17","1,374.24","-","11,109,100","7,792,084","10,378,036"
"2019/07/29","1,451.5","1,466.0","1,446.5","1,463.5","+18.0","12,624,200","18,406,582","2,246,500","1,148,300","0.51","0.05","-","1,449.40","1,430.64","1,395.31","1,373.43","-","9,807,700","7,527,020","10,332,870"
"2019/07/26","1,445.0","1,453.5","1,441.5","1,445.5","-6.0","6,618,100","9,573,196","2,274,500","504,800","0.22","0.05","-","1,444.60","1,428.86","1,392.27","1,372.73","-","8,204,820","7,520,672","10,264,204"
"2019/07/25","1,450.0","1,466.5","1,445.5","1,451.5","+8.0","17,842,800","26,000,709","2,453,800","478,400","0.19","0.05","-","1,443.10","1,427.30","1,389.46","1,372.07","-","8,310,980","7,517,700","10,299,980"
"2019/07/24","1,444.5","1,445.0","1,438.5","1,443.5","+0.5","5,526,100","7,969,928","2,427,000","408,300","0.17","0.05","-","1,437.80","1,425.64","1,386.34","1,371.28","-","6,084,580","6,997,436","10,243,261"
"2019/07/23","1,440.0","1,445.0","1,439.0","1,443.0","+3.5","6,427,300","9,268,109","2,391,900","407,200","0.17","0.05","-","1,433.80","1,424.26","1,383.46","1,370.37","-","5,983,900","6,954,192","10,366,336"
"2019/07/22","1,435.0","1,442.0","1,435.0","1,439.5","+1.5","4,609,800","6,632,205","2,340,000","361,800","0.15","0.05","-","1,431.70","1,422.78","1,380.85","1,369.41","-","5,816,420","6,881,444","10,409,714"
"2019/07/19","1,425.0","1,441.0","1,424.5","1,438.0","+13.0","7,148,900","10,270,932","2,439,900","384,300","0.16","0.05","-","1,430.80","1,421.70","1,378.45","1,368.51","-","5,772,060","6,977,460","10,463,265"
"2019/07/18","1,424.0","1,430.5","1,419.0","1,425.0","+1.5","6,710,800","9,556,768","1,954,900","619,800","0.32","0.05","-","1,431.60","1,420.22","1,376.44","1,367.72","-","6,116,520","6,964,924","10,539,350"
"2019/07/17","1,429.0","1,433.0","1,422.0","1,423.5","-9.0","5,022,700","7,157,663","1,864,600","430,100","0.23","0.05","-","1,434.50","1,419.52","1,374.81","1,366.76","-","6,334,980","6,922,388","10,693,737"
"2019/07/16","1,440.0","1,443.5","1,428.0","1,432.5","-2.5","5,589,900","8,017,198","1,495,500","507,700","0.34","0.05","-","1,436.80","1,419.36","1,373.04","1,365.42","-","6,347,460","7,005,568","10,786,760"
"2019/07/12","1,439.5","1,442.5","1,434.0","1,435.0","-7.0","4,388,000","6,303,598","-","-","-","-","-","1,436.20","1,418.30","1,371.27","1,363.94","-","6,470,720","7,195,172","10,925,073"
"2019/07/11","1,438.0","1,445.0","1,433.5","1,442.0","+2.5","8,871,200","12,785,418","1,653,400","410,200","0.25","0.05","-","1,438.00","1,418.10","1,369.77","1,362.57","-","6,995,000","7,192,740","11,003,270"
"2019/07/10","1,430.0","1,443.0","1,428.5","1,439.5","+4.5","7,803,100","11,228,557","1,807,300","402,400","0.22","0.05","-","1,437.50","1,417.60","1,368.53","1,361.06","-","7,175,520","7,052,036","10,968,902"
"2019/07/09","1,435.0","1,440.0","1,431.0","1,435.0","+5.5","5,085,100","7,298,196","1,666,700","421,600","0.25","0.05","-","1,436.20","1,417.26","1,367.43","1,359.36","-","7,102,640","7,105,848","11,005,173"
"2019/07/08","1,440.0","1,441.5","1,428.0","1,429.5","-14.5","6,206,200","8,886,107","1,644,600","337,400","0.21","0.05","-","1,433.80","1,417.18","1,366.15","1,358.07","-","8,267,600","7,187,376","11,083,532"
"2019/07/05","1,440.0","1,445.0","1,437.5","1,444.0","+4.5","7,009,400","10,100,003","1,879,300","322,300","0.17","0.05","-","1,428.90","1,416.98","1,364.87","1,357.00","-","8,375,360","7,204,604","11,100,346"
"2019/07/04","1,433.0","1,444.0","1,431.5","1,439.5","+6.5","9,773,800","14,060,539","1,995,300","326,100","0.16","0.05","-","1,420.00","1,415.62","1,363.37","1,356.15","-","8,474,340","7,213,060","11,116,810"
"2019/07/03","1,428.0","1,434.5","1,423.5","1,433.0","+10.0","7,438,700","10,636,834","2,133,900","417,300","0.20","0.05","-","1,412.50","1,414.74","1,362.15","1,355.28","-","8,370,540","7,044,304","11,086,920"
"2019/07/02","1,412.5","1,431.0","1,408.5","1,423.0","+18.0","10,909,900","15,495,833","1,821,900","388,700","0.21","0.05","-","1,408.30","1,414.16","1,360.74","1,354.20","-","7,865,380","7,043,020","11,053,521"
"2019/07/01","1,408.0","1,409.0","1,400.0","1,405.0","+5.5","6,745,000","9,475,180","1,443,300","727,000","0.50","0.00","-","1,406.80","1,414.84","1,359.34","1,353.40","-","7,252,360","6,968,184","11,040,689"
"2019/06/28","1,395.0","1,401.5","1,392.0","1,399.5","-2.5","7,504,300","10,478,840","1,377,900","865,400","0.63","0.00","-","1,407.00","1,416.08","1,358.20","1,353.13","-","7,164,900","6,946,980","11,040,925"
"2019/06/27","1,406.5","1,408.0","1,391.0","1,402.0","-10.0","9,254,800","12,946,400","1,465,300","678,400","0.46","0.00","-","1,410.90","1,417.64","1,357.27","1,353.36","-","8,157,140","6,987,436","11,010,990"
"2019/06/26","1,410.0","1,414.0","1,407.0","1,412.0","-3.5","4,912,900","6,927,481","1,504,800","521,300","0.35","0.00","-","1,411.80","1,418.74","1,356.42","1,353.55","-","7,614,940","6,936,228","10,969,209"
"2019/06/25","1,407.0","1,417.0","1,407.0","1,415.5","+9.5","7,844,800","11,093,830","1,688,000","317,200","0.19","0.05","-","1,411.40","1,419.54","1,355.43","1,353.63","-","7,599,600","7,042,592","11,067,610"
"2019/06/24","1,415.0","1,415.5","1,405.5","1,406.0","-13.0","6,307,700","8,881,525","1,458,200","759,900","0.52","0.00","-","1,410.10","1,420.50","1,354.57","1,353.79","-","6,919,640","7,402,104","11,131,808"
"2019/06/21","1,409.5","1,419.0","1,404.5","1,419.0","+12.5","12,465,500","17,632,454","1,686,000","288,300","0.17","0.05","-","1,410.10","1,421.06","1,354.36","1,354.06","-","6,579,820","7,523,228","11,300,257"
"2019/06/20","1,410.0","1,417.0","1,403.0","1,406.5","-3.5","6,543,800","9,227,894","1,529,400","414,600","0.27","0.00","-","1,408.80","1,420.02","1,354.02","1,354.22","-","5,488,760","7,363,744","11,328,942"
"2019/06/19","1,414.0","1,414.5","1,408.5","1,410.0","+1.0","4,836,200","6,825,679","1,528,400","314,300","0.21","0.00","-","1,407.70","1,420.00","1,353.66","1,354.51","-","5,547,100","7,408,180","11,367,338"
"2019/06/18","1,413.5","1,415.5","1,406.0","1,409.0","+3.0","4,445,000","6,266,987","1,527,900","413,400","0.27","0.00","-","1,407.20","1,420.18","1,353.16","1,354.70","-","5,709,340","7,776,900","11,422,948"
"2019/06/17","1,410.0","1,415.0","1,406.0","1,406.0","-6.5","4,608,600","6,494,783","1,650,300","446,400","0.27","0.00","-","1,409.30","1,421.42","1,352.40","1,354.93","-","6,240,780","8,552,324","11,442,924"
"2019/06/14","1,405.0","1,412.5","1,396.5","1,412.5","+11.5","7,010,200","9,867,115","1,736,400","317,200","0.18","0.05","-","1,409.30","1,422.70","1,351.61","1,355.12","-","7,385,060","9,163,880","11,468,770"
"2019/06/13","1,408.0","1,412.0","1,397.0","1,401.0","-6.5","6,835,500","9,595,231","1,654,100","602,600","0.36","0.00","-","1,412.80","1,423.16","1,350.78","1,355.13","-","6,848,460","10,393,152","11,470,694"
"2019/06/12","1,413.0","1,416.5","1,406.0","1,407.5","-12.0","5,647,400","7,960,894","1,745,500","462,400","0.26","0.00","-","1,418.50","1,423.18","1,350.21","1,355.45","-","6,552,080","12,600,304","11,604,097"
"2019/06/11","1,416.0","1,424.0","1,414.0","1,419.5","+13.5","7,102,200","10,079,688","1,724,300","230,500","0.13","0.05","-","1,423.20","1,419.32","1,349.17","1,355.63","-","7,252,280","12,677,528","11,648,038"
"2019/06/10","1,418.0","1,420.0","1,400.5","1,406.0","-24.0","10,330,000","14,549,387","1,525,700","472,900","0.31","0.00","-","1,425.90","1,414.66","1,347.43","1,355.72","-","7,256,500","12,904,516","11,656,626"
"2019/06/07","1,436.5","1,437.5","1,421.5","1,430.0","+0.5","4,327,200","6,181,733","1,588,100","157,100","0.10","0.05","-","1,429.60","1,410.90","1,345.82","1,356.12","-","6,517,880","12,847,712","11,630,112"
"2019/06/06","1,438.5","1,441.0","1,428.0","1,429.5","-1.5","5,353,600","7,675,280","1,625,700","188,400","0.12","0.00","-","1,425.60","1,406.96","1,344.05","1,356.01","-","7,096,600","13,784,712","11,680,414"
"2019/06/05","1,440.0","1,443.5","1,423.0","1,431.0","-2.0","9,148,400","13,121,647","1,630,600","193,300","0.12","0.05","-","1,423.20","1,403.38","1,342.21","1,355.71","-","7,136,860","13,962,072","11,735,797"
