Date,Open,High,Low,Close,Volume,5MA,30MA,90MA
2020-04-13,44500.0,44750.0,44100.0,44310.0,819000,44310.0,44310.0,44310.0
2020-04-10,43370.0,44500.0,43280.0,44370.0,1291200,44340.0,44340.0,44340.0
2020-04-09,43450.0,43730.0,43050.0,43730.0,1237600,44136.666666666664,44136.666666666664,44136.666666666664
2020-04-08,43000.0,43640.0,42700.0,43590.0,1690300,44000.0,44000.0,44000.0
2020-04-07,43250.0,43500.0,42370.0,43190.0,1728500,43838.0,43838.0,43838.0
2020-04-06,42350.0,43200.0,42190.0,42920.0,1537100,43560.0,43685.0,43685.0
2020-04-03,41870.0,42280.0,41570.0,41880.0,1244500,43062.0,43427.142857142855,43427.142857142855
2020-04-02,42510.0,42670.0,41110.0,41330.0,1675600,42582.0,43165.0,43165.0
2020-04-01,41800.0,42690.0,41510.0,41950.0,1917600,42254.0,43030.0,43030.0
2020-03-31,41560.0,42490.0,41150.0,41610.0,1926000,41938.0,42888.0,42888.0
2020-03-30,39470.0,40990.0,39160.0,40930.0,1480200,41540.0,42710.0,42710.0
2020-03-27,39514.85,39910.0,38951.76,39910.0,1639890,41146.0,42476.666666666664,42476.666666666664
2020-03-26,38754.19,39495.09,38378.8,39248.13,1425287,40729.626000000004,42228.31769230769,42228.31769230769
2020-03-25,39020.92,39159.22,38497.34,39159.22,1529450,40171.47,42009.09642857143,42009.09642857143
2020-03-24,38339.28,38418.31,37697.17,38141.71,1532285,39477.812,41751.27066666666,41751.27066666666
2020-03-23,36946.39,37963.89,36659.9,37351.41,1934361,38762.094,41476.279375,41476.279375
2020-03-19,35079.31,37045.17,35079.31,36778.45,2495467,38135.784,41199.93647058823,41199.93647058823
2020-03-18,34931.13,35879.49,34822.46,35079.31,1876965,37302.02,40859.901666666665,40859.901666666665
2020-03-17,32105.82,34931.13,31809.46,34456.95,3229874,36361.566,40522.904210526314,40522.904210526314
2020-03-16,33488.84,34437.19,32530.6,32550.36,2184293,35243.296,40124.276999999995,40124.276999999995
2020-03-13,32678.78,34081.56,31493.34,32817.08,3230077,34336.43,39776.31523809523,39776.31523809523
2020-03-12,34575.5,34931.13,33538.23,34397.68,2144308,33860.276,39531.83181818182,39531.83181818182
2020-03-11,35622.64,36412.94,34980.52,35039.79,1524895,33852.372,39336.525652173914,39336.525652173914
2020-03-10,34575.5,36077.06,33567.87,35751.06,2282686,34111.194,39187.13125,39187.13125
2020-03-09,36037.54,36294.39,35197.85,35494.22,2057555,34699.966,39039.4148,39039.4148
2020-03-06,37242.75,37628.02,36620.39,36956.26,1289237,35527.802,38959.29346153846,38959.29346153846
2020-03-05,37440.32,37707.05,36956.26,37460.08,1247531,36140.28200000001,38903.76703703703,38903.76703703703
2020-03-04,35988.15,37143.96,35988.15,36798.21,1101358,36491.966,38828.56857142857,38828.56857142857
2020-03-03,37390.93,37529.23,36235.12,36353.66,1883444,36612.486000000004,38743.22689655172,38743.22689655172
2020-03-02,35662.15,37430.44,35464.58,36640.15,2174271,36841.672000000006,38673.124333333326,38673.124333333326
2020-02-28,36353.66,36798.21,35642.4,35830.09,2327834,36616.438,38390.46066666666,38581.41354838709
2020-02-27,38112.07,38368.92,37539.11,37726.8,1124944,36669.78199999999,38169.02066666666,38554.706874999996
2020-02-26,38754.19,38754.19,37983.65,38487.47,1133245,37007.634,37994.26966666666,38552.66939393939
2020-02-25,37637.9,39011.04,37637.9,38754.19,1317176,37487.74,37833.075999999994,38558.59647058823
2020-02-21,39514.85,39564.25,39376.55,39465.46,926740,38052.801999999996,37708.92466666666,38584.50685714285
2020-02-20,40008.79,40048.3,39534.61,39613.64,747365,38809.511999999995,37598.71266666665,38613.09388888888
2020-02-19,39435.82,39722.3,39346.91,39564.25,929979,39177.00199999999,37521.520999999986,38638.800810810804
2020-02-18,39416.06,39485.22,39228.37,39307.4,702723,39340.98799999999,37454.10099999999,38656.39552631578
2020-02-17,39356.79,39663.03,39188.85,39514.85,939596,39493.11999999999,37372.92933333332,38678.40717948717
2020-02-14,39495.09,39544.49,39020.92,39356.79,945467,39471.38599999999,37297.82233333332,38695.366749999994
2020-02-13,39910.0,39979.15,39554.37,39702.55,889387,39489.16799999999,37256.90733333332,38719.932195121946
2020-02-12,40107.57,40226.12,39910.0,40068.06,770343,39589.92999999999,37262.17599999999,38752.03047619047
2020-02-10,39811.21,40344.66,39801.33,40156.97,910949,39759.844,37292.47066666666,38784.703488372084
2020-02-07,40226.12,40394.06,39919.88,40008.79,1201472,39858.632,37320.789666666664,38812.52363636363
2020-02-06,40295.27,40601.51,39979.15,40403.94,1347038,40068.06199999999,37396.19733333333,38847.88844444444
2020-02-05,40245.88,40423.69,39722.3,39939.64,937875,40115.479999999996,37482.471666666665,38871.622173913034
2020-02-04,39514.85,39722.3,39159.22,39613.64,1312620,40024.596,37576.977999999996,38887.409787234035
2020-02-03,38200.98,39643.27,37539.11,39554.37,2639210,39904.075999999994,37726.14666666666,38901.30479166666
2020-01-31,40621.27,40749.69,39682.79,40275.51,2609449,39957.42,37920.098666666665,38929.34979591836
2020-01-30,42280.89,42280.89,41411.56,41757.32,1164423,40228.096,38226.99733333333,38985.909199999995
2020-01-29,42073.44,42350.04,41885.74,42201.86,825209,40680.53999999999,38539.823333333334,39048.967058823524
2020-01-28,41569.62,42142.59,41460.96,42083.32,987781,41174.47599999999,38796.011333333336,39107.32
2020-01-27,42557.5,42587.13,41796.83,41885.74,984035,41640.749999999985,39024.20966666667,39159.74301886792
2020-01-24,43169.98,43347.79,42982.28,43169.98,850921,42219.643999999986,39271.507,39234.00666666666
2020-01-23,42794.58,43031.67,42646.4,43002.04,874304,42468.58799999999,39521.76766666667,39302.516363636365
2020-01-22,42685.92,42824.22,42537.74,42794.58,710821,42587.132,39716.378333333334,39364.87464285714
2020-01-21,42478.47,42725.43,42438.95,42587.13,569710,42687.89399999999,39887.28,39421.40543859649
2020-01-20,42567.37,42764.95,42458.71,42468.59,827537,42804.46399999999,40076.29266666667,39473.94310344827
2020-01-17,42646.4,42705.68,42379.68,42468.59,772975,42664.185999999994,40280.123666666674,39524.69983050847
2020-01-16,42419.19,42517.98,42182.1,42438.95,707278,42551.567999999985,40473.41700000001,39573.27066666666
2020-01-15,42478.47,42774.83,42359.92,42547.62,765181,42502.17599999999,40697.33466666668,39622.03049180328
2020-01-14,43318.16,43407.06,42419.19,42676.04,1218276,42519.95799999999,40862.309333333345,39671.28870967742
2020-01-10,42695.8,43249.0,42616.77,42913.13,836445,42608.865999999995,41009.83133333334,39722.74650793651
2020-01-09,43021.79,43071.19,42636.52,42853.86,1043456,42685.91999999999,41146.48700000001,39771.670156249995
2020-01-08,41984.53,42320.41,41105.32,42122.83,1502625,42622.69599999998,41235.06600000001,39807.84184615384
2020-01-07,42517.98,42972.4,42369.8,42419.19,1181935,42597.00999999999,41328.58433333335,39847.40772727272
2020-01-06,42488.34,42567.37,41994.41,42221.62,1168776,42506.12599999998,41417.16333333335,39882.84373134328
2019-12-30,43278.64,43486.09,42972.4,43436.7,628928,42610.83999999998,41554.806666666685,39935.10632352941
2019-12-27,43199.61,43486.09,43041.55,43278.64,645833,42695.79599999999,41680.26633333335,39983.56333333333
2019-12-26,42942.76,43169.98,42814.34,43021.79,654944,42875.58799999999,41802.43300000001,40026.96657142857
2019-12-25,42903.25,43002.04,42745.19,42843.98,481136,42960.54599999999,41907.14733333335,40066.64281690141
2019-12-24,42952.64,43021.79,42537.74,42735.31,645833,43063.28399999999,41996.05566666668,40103.70763888889
2019-12-23,42834.1,43169.98,42508.1,42735.31,805267,42923.005999999994,42082.00033333335,40139.75698630137
2019-12-20,42498.22,43130.46,42429.07,42676.04,1551214,42802.486,42170.908666666684,40174.031081081084
2019-12-19,43723.18,43960.27,43140.34,43189.73,1324768,42836.074,42263.76833333335,40214.2404
2019-12-18,44424.57,44553.0,43713.3,43960.27,1416885,43059.331999999995,42397.789333333356,40263.530263157896
2019-12-17,45244.5,45422.32,44760.45,44967.9,1096195,43505.84999999999,42576.26466666669,40324.62597402598
2019-12-16,44444.33,45333.41,44444.33,44908.63,1611546,43940.51399999999,42754.74000000001,40383.39525641026
2019-12-13,44849.36,44908.63,44335.66,44385.06,1786164,44282.317999999985,42891.72500000001,40434.049240506334
2019-12-12,45224.75,45777.96,44197.36,44325.78,1976371,44509.527999999984,42977.34033333335,40482.695875
2019-12-11,45530.99,46182.98,45096.32,45185.23,1830299,44754.51999999999,43076.78600000001,40540.75185185185
2019-12-10,44553.0,46429.95,44523.36,45807.59,3322396,44922.45799999999,43200.928333333344,40604.98158536585
2019-12-09,43762.7,44533.24,43703.43,44533.24,2147851,44847.37999999999,43289.178333333344,40652.31
2019-12-06,42982.28,43268.76,42705.68,43229.25,1205218,44616.21799999999,43291.15400000001,40682.987857142856
2019-12-05,43960.27,43980.03,42932.89,43150.22,1520846,44381.105999999985,43296.093333333345,40712.014117647064
2019-12-04,44078.82,44335.66,42824.22,43298.4,2550130,44003.73999999998,43312.88733333334,40742.08837209302
2019-12-03,43021.79,43960.27,42982.28,43851.61,2313156,43612.54399999999,43355.036666666674,40777.83
2019-12-02,42103.07,42863.74,42043.8,42715.55,1633107,43249.005999999994,43363.26866666668,40799.84954545454
2019-11-29,42182.1,42280.89,41816.59,41836.35,545010,42970.42599999999,43342.19400000001,40811.495617977525
2019-11-28,42231.5,42350.04,41964.77,42063.56,671646,42753.094,43329.68100000001,40825.40744444444
2019-11-27,41945.01,42142.59,41589.38,42014.17,883212,42496.24799999999,43311.89933333334,40799.89822222222
2019-11-26,41984.53,42458.71,41915.38,42063.56,1279721,42138.63799999999,43291.483333333344,40774.27111111111
2019-11-25,41391.81,41796.83,41174.48,41777.08,1395222,41950.943999999996,43253.61500000001,40752.572
2019-11-22,41816.59,42014.17,40967.02,40986.78,2133375,41781.02999999999,43191.37900000001,40723.647333333334
2019-11-21,42715.55,42774.83,41609.14,42478.47,1796894,41864.011999999995,43203.233666666674,40715.741444444444
2019-11-20,41925.26,42774.83,41875.86,42448.83,2129022,41950.943999999996,43204.22166666668,40710.506222222226
2019-11-19,41688.17,41895.62,41520.23,41816.59,970066,41901.549999999996,43190.720666666675,40709.801666666666
2019-11-18,40937.39,41737.56,40848.48,41559.75,1288326,41858.083999999995,43128.15566666668,40712.35444444444
2019-11-15,41095.45,41184.35,40749.69,40779.33,995777,41816.594,43044.84533333335,40699.347
2019-11-14,41767.2,41806.71,41253.5,41283.14,949820,41577.528,42986.89033333335,40695.71522222222
2019-11-13,41816.59,41984.53,41342.41,41530.11,1070281,41393.784,42943.094666666686,40702.383111111114
2019-11-12,41589.38,41954.89,41530.11,41875.86,1027664,41405.63799999999,42914.446333333355,40724.225999999995
2019-11-11,41688.17,42014.17,41312.78,41451.08,1059045,41383.903999999995,42871.63866666669,40748.703222222226
2019-11-08,41806.71,41875.86,41293.02,41451.08,1033738,41518.25399999999,42830.806666666685,40774.168333333335
2019-11-07,41204.11,41856.11,40957.14,41490.59,1258261,41559.74399999999,42774.168666666694,40811.37811111111
2019-11-06,42409.31,42508.1,41204.11,41698.05,1884254,41593.331999999995,42698.76133333336,40859.674111111104
2019-11-05,42231.5,42547.62,41786.96,42211.74,2769490,41660.507999999994,42606.88933333336,40920.043999999994
2019-11-01,39682.79,40996.66,39682.79,40996.66,4290336,41569.623999999996,42476.490333333364,40985.79233333333
2019-10-31,38447.95,38566.5,37667.53,38151.59,1343090,40909.726,42268.70800000003,41026.84388888888
2019-10-30,37242.75,38023.17,36837.72,38023.17,2295947,40216.242,42058.62100000003,41087.65288888888
2019-10-29,36906.87,37756.44,36896.99,37331.66,1626730,39342.964,41796.83533333336,41137.81488888888
2019-10-28,36501.84,36857.48,36363.54,36571.0,1123729,38214.816000000006,41488.94900000002,41161.962888888884
2019-10-25,36748.81,36966.14,36254.88,36284.51,1913711,37272.386000000006,41213.99133333335,41175.7931111111
2019-10-24,37815.71,37884.86,37410.69,37410.69,955286,37124.206000000006,41020.039333333356,41194.233444444435
2019-10-23,37934.26,38023.17,37578.62,37647.77,1001851,37049.126000000004,40836.624333333355,41218.161777777765
2019-10-21,38072.56,38230.62,37726.8,38082.44,817920,37199.282,40662.75900000003,41230.674888888876
2019-10-18,38280.01,38783.83,37973.77,38141.71,1433588,37513.424,40472.42900000002,41238.24855555554
2019-10-17,39099.95,39139.46,38586.25,38586.25,1689086,37973.772,40334.785666666685,41258.11566666665
2019-10-16,39751.94,40137.21,39564.25,39672.91,1017845,38426.216,40262.67100000001,41294.99622222221
2019-10-15,39514.85,39732.18,39228.37,39663.03,902648,38829.268,40182.65333333334,41328.58377777776
2019-10-11,39890.24,39900.12,38833.22,39386.43,1575104,39090.066,40095.06200000001,41368.09866666666
2019-10-10,40305.15,40482.97,39663.03,39811.21,1214936,39423.966,40019.983666666674,41391.258777777766
2019-10-09,39910.0,40492.84,39910.0,40394.06,1006913,39785.528,39973.88300000001,41412.4431111111
2019-10-08,40008.79,40305.15,39702.55,40275.51,1028474,39906.047999999995,39950.174000000006,41429.34666666665
2019-10-07,40413.81,40413.81,39919.88,39919.88,897688,39957.418,39864.88766666667,41434.39577777776
2019-10-04,40305.15,40601.51,40127.33,40473.09,1131220,40174.75,39799.02966666667,41443.9452222222
2019-10-03,40196.48,40236.0,39840.85,39998.91,1176267,40212.29,39738.44033333333,41448.77477777776
2019-10-02,39929.76,40680.54,39929.76,40680.54,979682,40269.586,39709.13333333333,41464.03188888887
2019-10-01,39811.21,40641.02,39593.88,40423.69,1575914,40299.222,39697.278666666665,41474.130111111095
2019-09-30,39406.19,39603.76,39267.88,39534.61,1009544,40222.168000000005,39638.994333333336,41476.10588888887
2019-09-27,40285.39,40463.21,39712.43,39890.24,1438851,40105.598000000005,39584.332,41478.19133333332
2019-09-26,40354.54,40759.57,40038.42,40166.85,1914015,40139.186,39527.365,41479.28899999999
2019-09-25,40957.14,40996.66,39919.88,40028.54,2786800,40008.78600000001,39479.947,41477.86199999999
2019-09-24,42063.56,42191.98,41549.87,41836.35,1347746,40291.31800000001,39492.789333333334,41498.16822222221
2019-09-20,42359.92,42419.19,41905.5,42310.53,1522972,40846.502,39520.12066666666,41519.35255555554
2019-09-19,42172.23,42438.95,41786.96,41945.01,1177178,41257.456000000006,39528.35266666666,41541.634444444426
2019-09-18,41490.59,42083.32,41431.32,41875.86,1207748,41599.258,39517.15666666666,41566.7702222222
2019-09-17,40996.66,41470.84,40878.11,41381.93,1031005,41869.936,39529.998999999996,41587.07644444442
2019-09-13,41184.35,41223.87,40828.72,41095.45,1142760,41721.756,39628.12766666666,41596.18688888887
2019-09-12,40848.48,41273.26,40759.57,41075.69,1143874,41474.788,39729.87833333333,41588.61322222221
2019-09-11,40917.63,41065.81,40255.75,40601.51,1303004,41206.088,39838.87333333333,41570.83155555554
2019-09-10,41490.59,41490.59,41075.69,41154.72,946884,41061.86,39991.664,41560.51377777776
2019-09-09,40996.66,41589.38,40996.66,41381.93,1142254,41061.86,40161.577999999994,41554.91588888888
2019-09-06,40897.87,41451.08,40838.6,40947.26,1371839,41032.221999999994,40279.46366666666,41530.21899999998
2019-09-05,40848.48,41036.17,40315.03,40463.21,2200489,40909.725999999995,40373.31166666666,41502.00977777776
2019-09-04,40275.51,41263.38,40236.0,41075.69,2090455,41004.56199999999,40473.08666666666,41482.91099999998
2019-09-03,39910.0,40147.09,39781.58,40038.42,673367,40781.301999999996,40536.31033333333,41454.59199999998
2019-09-02,39801.33,40236.0,39771.7,39890.24,1022097,40482.96399999999,40579.77666666666,41425.94366666665
2019-08-30,39969.27,40087.82,39672.91,39801.33,842721,40253.77799999999,40584.05733333333,41396.307444444436
2019-08-29,40038.42,40048.3,39613.64,39692.67,710619,40099.66999999999,40585.04533333333,41365.79322222221
2019-08-28,40058.18,40354.54,39801.33,39860.61,1042342,39856.653999999995,40600.85133333333,41335.93755555554
2019-08-27,39712.43,39860.61,39465.46,39761.82,1120389,39801.333999999995,40599.205,41303.557333333316
2019-08-26,39712.43,39949.51,39198.73,39337.03,1512748,39690.691999999995,40563.97066666667,41263.82288888887
2019-08-23,39732.18,40512.6,39653.15,40482.97,1417695,39827.02,40570.886000000006,41237.47966666665
2019-08-22,39890.24,40107.57,39564.25,39692.67,960651,39827.02,40563.312333333335,41210.47788888887
2019-08-21,39317.28,39791.46,39188.85,39742.06,882909,39803.31,40538.94466666667,41180.73199999998
2019-08-20,39623.52,39712.43,39366.67,39524.73,656462,39755.892,40523.13866666667,41150.766555555536
2019-08-19,39811.21,39850.73,39435.82,39475.34,853046,39783.554,40482.96533333334,41106.751444444424
2019-08-16,39218.49,39623.52,39169.1,39238.25,1010456,39534.61,40443.45066666668,41061.858222222196
2019-08-15,38526.98,39435.82,38299.77,39416.06,1735246,39479.288,40439.499,41021.794555555534
2019-08-14,38724.55,39613.64,38655.4,39584.0,1757516,39447.676,40429.291000000005,40985.57255555553
2019-08-13,38270.13,38467.71,37874.99,37944.14,1128285,39131.558000000005,40355.200666666664,40932.337333333315
2019-08-09,39109.82,39346.91,38912.25,38961.64,1103079,39028.818,40319.63733333333,40890.407666666644
2019-08-08,38922.13,39208.61,38685.04,38843.1,1066232,38949.788,40219.86233333333,40847.81944444442
2019-08-07,38852.98,38951.76,38359.04,38704.8,1246721,38807.536,40099.67133333333,40797.98688888887
2019-08-06,37272.38,38536.86,37203.23,38467.71,1814002,38584.278,39983.76133333333,40736.95844444442
2019-08-05,39307.4,39366.67,38368.92,38852.98,1518113,38766.045999999995,39882.99866666666,40669.014888888865
2019-08-02,40344.66,40482.97,39356.79,39801.33,2306171,38933.984,39830.312,40612.26711111109
2019-08-01,39939.64,41302.9,39870.49,40937.39,2431491,39352.842,39825.04333333333,40573.95966666665
2019-07-31,39406.19,39712.43,38359.04,39613.64,2569464,39534.61,39776.30833333333,40521.60255555554
2019-07-30,39840.85,40107.57,39524.73,40097.7,906495,39860.608,39759.514666666655,40465.07444444443
2019-07-29,39910.0,40344.66,39672.91,39830.97,858715,40056.206,39715.389666666655,40398.66755555555
2019-07-26,39366.67,39791.46,39090.07,39732.18,859626,40042.376000000004,39660.397999999994,40345.322444444435
2019-07-25,39475.34,39969.27,39416.06,39692.67,932409,39793.43199999999,39618.578333333324,40306.0271111111
2019-07-24,39267.88,39534.61,39149.34,39366.67,1065422,39744.037999999986,39582.02699999999,40263.98766666665
2019-07-23,39969.27,40087.82,39465.46,39465.46,1189831,39617.58999999999,39528.35266666665,40221.39944444443
2019-07-22,40453.33,40453.33,39682.79,39722.3,1345317,39595.855999999985,39517.815333333325,40175.51822222221
2019-07-19,40502.72,40967.02,40473.09,40690.42,906596,39787.50399999999,39544.48799999999,40153.01677777777
2019-07-18,40403.94,40571.87,40117.45,40453.33,1239939,39939.636,39566.22133333332,40137.649888888875
2019-07-17,41036.17,41036.17,40413.81,40848.48,1037686,40235.998,39604.74833333332,40124.14899999998
2019-07-16,40976.9,41204.11,40779.33,41105.32,876228,40563.97,39646.23866666666,40114.050666666655
2019-07-12,41490.59,41539.99,40957.14,41144.84,1303611,40848.478,39692.33933333332,40103.84266666665
2019-07-11,40700.3,41273.26,40206.36,41154.72,2851282,40941.338,39752.92899999999,40096.92755555554
2019-07-10,39840.85,39890.24,39435.82,39514.85,1262918,40753.64200000001,39720.658333333326,40080.572777777765
2019-07-09,39919.88,40107.57,39584.0,40048.3,907406,40593.606,39732.51266666666,40053.57088888887
2019-07-08,40344.66,40562.0,39939.64,40018.67,1076254,40376.276,39741.73299999999,40026.569111111094
2019-07-05,40186.6,40403.94,40097.7,40255.75,795650,40198.458,39766.10033333333,40009.22644444443
2019-07-04,40127.33,40354.54,39929.76,40077.94,1047809,39983.102,39786.18699999999,39992.76188888887
2019-07-03,39623.52,40127.33,39574.12,40127.33,1552834,40105.598000000005,39815.82299999999,39985.51744444443
2019-07-02,39712.43,39910.0,39465.46,39653.15,1329121,40026.56800000001,39823.72599999999,39967.40644444442
2019-07-01,39386.43,39811.21,39307.4,39564.25,1438244,39935.68400000001,39823.067666666655,39945.563555555535
2019-06-28,38724.55,39070.31,38546.74,39011.04,1473066,39686.74200000001,39858.63099999999,39913.73222222221
2019-06-27,37884.86,38951.76,37795.96,38902.37,2159694,39451.62800000001,39856.65533333333,39885.4132222222
2019-06-26,37568.75,37825.59,37153.84,37786.08,1302194,38983.378000000004,39821.42133333333,39844.690999999984
2019-06-25,37667.53,38062.68,37479.84,37687.29,1131220,38590.206000000006,39787.50433333333,39802.4321111111
2019-06-24,37825.59,37845.35,37163.72,37687.29,944961,38214.814000000006,39761.490333333335,39757.8681111111
2019-06-21,38033.04,38171.35,37667.53,37825.59,1107735,37977.724,39727.244,39709.13311111109
2019-06-20,37736.68,38191.1,37657.65,38092.32,1362931,37815.71400000001,39670.277,39676.862666666646
2019-06-19,37628.02,37628.02,37025.42,37390.93,1190540,37736.68400000001,39552.06166666667,39668.41088888887
2019-06-18,37114.32,37578.62,37025.42,37242.75,1222325,37647.776000000005,39473.03200000001,39659.73955555554
2019-06-17,37153.84,37430.44,36837.72,36995.78,909835,37509.474,39369.63466666667,39656.00755555554
2019-06-14,37321.78,37440.32,36956.26,37114.32,1140736,37367.22000000001,39279.07966666668,39662.04444444442
2019-06-13,36926.63,37015.54,36561.12,36936.51,1774320,37136.058000000005,39185.89066666668,39669.28888888887
2019-06-12,38230.62,38418.31,37440.32,37519.35,2468135,37161.74200000001,39113.446666666685,39670.4962222222
2019-06-11,39238.25,39317.28,38783.83,38892.49,1023818,37491.69000000001,39097.64066666669,39684.32644444443
2019-06-10,38922.13,39307.4,38625.77,39218.49,1311608,37936.232,39089.408333333355,39696.94922222221
2019-06-07,38319.53,38803.58,38191.1,38675.16,1371231,38248.40000000001,39054.503666666686,39702.87644444443
2019-06-06,38408.44,38625.77,38062.68,38112.07,1141849,38483.512,38968.55866666669,39697.60777777776
2019-06-05,37637.9,38299.77,37529.23,38299.77,1476913,38639.596000000005,38896.77333333335,39682.35066666665
2019-06-04,38309.65,38378.8,37143.96,37193.35,1687669,38299.768000000004,38774.93566666669,39654.909777777764
2019-06-03,38033.04,38625.77,37716.93,38052.8,1519429,38066.630000000005,38673.18500000003,39640.09166666665
2019-05-31,37835.47,38655.4,37756.44,38230.62,1568220,37977.722,38576.04433333336,39622.52955555554
2019-05-30,38220.74,38250.38,37657.65,37934.26,1437839,37942.16,38468.695666666696,39595.198444444424
2019-05-29,38398.56,38645.52,38013.29,38487.47,1791428,37979.700000000004,38434.44966666669,39575.33133333332
2019-05-28,38447.95,38724.55,38329.41,38635.65,1131625,38268.16,38387.36133333335,39561.062111111096
2019-05-27,38625.77,38724.55,37934.26,38260.25,1218074,38309.65,38328.747333333355,39536.47499999999
2019-05-24,37865.11,38606.01,37677.41,38606.01,1608104,38384.728,38273.75600000002,39520.99833333332
2019-05-23,37845.35,38507.22,37786.08,38161.47,1859655,38430.17,38209.87366666669,39493.008666666654
2019-05-22,37736.68,38072.56,37637.9,37815.71,1396133,38295.818,38132.819666666684,39464.0311111111
2019-05-21,37539.11,37637.9,37242.75,37519.35,1405446,38072.558000000005,38061.69300000002,39441.639333333325
2019-05-20,37232.87,37825.59,37213.11,37746.56,1317378,37969.82,38001.10333333336,39417.82066666665
2019-05-17,36946.39,37509.47,36758.69,37232.87,1614785,37695.191999999995,37941.83100000003,39385.22088888888
2019-05-16,37104.45,37272.38,36165.97,36432.69,1516493,37349.436,37859.50833333335,39345.266999999985
2019-05-15,36916.75,37064.93,36571.0,36956.26,1137800,37177.546,37831.84766666669,39291.04377777776
2019-05-14,35849.85,36709.3,35642.4,36571.0,1705182,36987.876000000004,37794.63800000002,39227.27122222221
2019-05-13,36738.93,36808.08,36225.24,36541.36,1158552,36746.835999999996,37756.440333333354,39167.230666666655
2019-05-10,36541.36,36976.02,36057.3,36551.24,1818658,36610.509999999995,37713.96200000002,39108.06822222222
2019-05-09,36758.69,37084.69,36294.39,36314.15,1495741,36586.801999999996,37654.68966666668,39051.759555555545
2019-05-08,35770.82,36896.99,35672.03,36679.66,1753265,36531.481999999996,37630.98066666668,39002.69522222221
2019-05-07,37914.5,38082.44,36472.21,36768.57,2732340,36570.996,37615.17466666668,38954.83833333332
2019-04-26,36106.7,37815.71,36086.94,37539.11,4774812,36770.545999999995,37633.285666666685,38920.811666666654
2019-04-25,38023.17,38319.53,37845.35,38042.92,3266924,37068.882,37664.239000000016,38886.236111111095
2019-04-24,36719.18,37647.77,36590.75,37539.11,3188776,37313.873999999996,37684.325666666686,38843.53811111109
2019-04-23,37855.23,37914.5,36561.12,36719.18,3380906,37321.77799999999,37657.65333333334,38796.55944444443
2019-04-22,38932.01,39080.19,37479.84,38092.32,4218971,37586.52799999999,37630.981000000014,38770.2162222222
2019-04-19,38872.74,39850.73,37716.93,38724.55,9028707,37823.615999999995,37614.51633333335,38744.092444444424
2019-04-18,34763.19,34773.07,33814.83,33933.38,1949545,37001.708,37456.45700000002,38676.25866666665
2019-04-17,34130.95,34624.89,34032.17,34407.56,1866640,36375.398,37332.97333333335,38615.33999999998
2019-04-16,33597.5,34249.5,33597.5,34042.04,1705182,35839.97,37191.04900000001,38551.34788888887
2019-04-15,33557.99,34051.92,33281.38,33864.23,1870892,34994.352,37080.078333333346,38486.58744444443
2019-04-12,32678.78,33291.26,32412.06,33241.87,1906726,33897.816000000006,36919.714000000014,38413.045888888875
2019-04-11,32263.88,32698.54,32263.88,32550.36,1237104,33621.212,36730.37200000001,38332.91855555554
2019-04-10,32244.12,32826.96,32155.21,32520.72,1487846,33243.844,36549.92066666668,38257.18177777777
2019-04-09,32402.18,32975.14,32263.88,32836.84,1706093,33002.804,36361.56633333335,38172.22477777776
2019-04-08,32619.51,32985.02,31977.39,32214.48,2257379,32672.854,36147.52733333335,38089.133777777766
2019-04-05,32165.09,33044.29,32155.21,32807.21,2268919,32585.922,35965.75933333335,38012.079888888875
2019-04-04,32105.82,32352.78,31819.33,32056.42,1396235,32487.134,35747.43966666668,37929.09866666665
2019-04-03,31611.88,32095.94,31552.61,32046.54,1432272,32392.298,35543.60866666668,37846.55644444443
2019-04-02,31611.88,31799.58,31196.98,31621.76,1821391,32149.282,35337.143666666685,37761.92877777776
2019-04-01,31908.24,32471.33,31424.19,31532.85,1668638,32012.956,35137.59366666668,37674.33755555554
2019-03-29,31414.31,31848.97,31058.67,31177.22,1723706,31686.958000000002,34918.61566666668,37580.92888888888
2019-03-28,30969.76,31355.03,30574.62,31345.16,1935475,31544.706000000006,34722.35866666668,37507.60688888888
2019-03-27,31414.31,31522.97,30791.95,30969.76,2116268,31329.350000000006,34540.26100000001,37418.80822222221
2019-03-26,30124.81,31601.89,29920.73,30999.4,4009907,31204.878000000004,34341.69900000001,37331.65599999998
2019-03-25,29123.89,29629.2,29085.02,29590.34,1446951,30816.376,34109.010333333346,37230.3842222222
2019-03-22,29823.56,30017.91,29473.72,29833.28,2009842,30547.588,33885.40766666668,37134.44611111109
2019-03-20,29755.54,29949.9,29201.63,29619.49,3019959,30202.453999999998,33654.349333333346,37031.85177777776
2019-03-19,30931.38,30950.82,30416.34,30600.97,1870920,30128.695999999996,33463.91000000001,36929.62555555554
2019-03-18,30455.21,31135.45,30056.78,31116.01,2566765,30152.018,33278.45500000001,36820.49911111109
2019-03-15,29677.8,30270.58,29522.32,30212.27,2526323,30276.404,33059.911666666674,36716.039444444425
2019-03-14,30134.53,30707.87,29386.27,29425.14,2882169,30194.775999999994,32789.44600000001,36597.45544444442
2019-03-13,29755.54,29969.33,29318.24,29969.33,2262679,30264.743999999995,32520.32633333334,36487.88166666664
2019-03-12,29012.14,29979.05,28978.13,29755.54,3875925,30095.657999999996,32260.87400000001,36377.03011111108
2019-03-11,28827.5,28997.56,28302.75,28769.19,1728087,29626.293999999994,31995.87433333334,36255.658111111086
2019-03-08,29211.34,29318.24,28574.84,28827.5,2080332,29349.339999999997,31687.04700000001,36138.5562222222
2019-03-07,29969.33,30192.83,29570.9,29619.49,1578669,29388.21,31383.545000000006,36029.156555555535
2019-03-06,29629.2,30338.59,29473.72,30202.55,2235307,29434.853999999992,31259.18400000001,35923.381555555534
2019-03-05,29289.09,29706.95,29191.91,29493.16,1755666,29382.37799999999,31095.370666666677,35798.96755555554
2019-03-04,29949.9,30241.42,29512.6,29541.75,1881211,29536.889999999992,30945.36100000001,35677.727777777756
2019-03-01,29823.56,30202.55,29648.65,30017.91,1508282,29774.97199999999,30817.150333333346,35557.38811111109
2019-02-28,30416.34,30455.21,29415.42,29580.62,2062735,29767.197999999993,30695.108666666678,35429.335888888876
2019-02-27,29658.37,30542.67,29658.37,30445.49,2012929,29815.785999999993,30624.946333333344,35310.45422222221
2019-02-26,29988.76,29998.48,29347.39,29609.77,1270570,29839.10799999999,30527.914666666682,35182.17699999999
2019-02-25,29862.43,30416.34,29279.37,29464.01,3010389,29823.55999999999,30415.487000000016,35070.50099999998
2019-02-22,29366.84,29464.01,28997.56,29182.19,1640207,29656.41599999999,30314.41066666668,34949.76644444443
2019-02-21,29031.57,29395.99,28715.75,29060.72,1818849,29552.435999999994,30189.52766666668,34828.01144444443
2019-02-20,28774.05,29007.28,28458.23,28837.22,1578875,29230.781999999996,30082.221000000012,34701.138888888876
2019-02-19,28735.18,28808.07,28259.02,28545.69,1542240,29017.965999999997,29965.52600000001,34573.002777777765
2019-02-18,28574.84,28910.1,28531.11,28837.22,1630533,28892.607999999997,29872.708000000006,34447.557111111106
2019-02-15,28764.33,29133.61,28385.35,28424.22,2303019,28741.013999999996,29769.087000000007,34322.791222222215
2019-02-14,29153.04,29454.29,28715.75,28968.41,1936470,28722.551999999996,29695.46000000001,34205.05966666666
2019-02-13,28458.23,29298.81,28458.23,29148.18,1907656,28784.743999999995,29622.227333333343,34095.47233333333
2019-02-12,28181.27,28759.47,27773.13,28409.64,2284289,28757.533999999996,29536.89000000001,33978.88644444444
2019-02-08,28030.65,29002.42,28001.5,28453.37,2192293,28680.763999999996,29452.02233333334,33875.189666666665
2019-02-07,28569.98,28842.08,27768.27,28487.38,3445884,28693.395999999997,29415.25700000001,33772.96844444444
2019-02-06,30144.24,30173.4,28560.27,28672.02,3830956,28634.117999999995,29376.548333333343,33672.798777777774
2019-02-05,31358.96,31514.44,30134.53,30358.04,2335125,28876.089999999997,29401.16666666668,33589.826
2019-02-04,30591.26,31669.92,30416.34,31349.24,3359856,29464.01,29426.10900000001,33514.90288888889
2019-02-01,31388.11,31815.69,29677.8,29852.72,4737242,29743.879999999997,29383.999333333344,33431.145000000004
2019-01-31,32894.35,33496.85,32651.41,32874.91,2316396,30621.386,29472.75400000001,33382.61344444445
2019-01-30,32408.46,32554.23,32068.35,32214.11,1438204,31329.803999999996,29565.71966666668,33329.48377777779
2019-01-29,31485.29,32515.36,31116.01,32515.36,2583332,31761.268,29650.587333333344,33278.38422222223
2019-01-28,32573.66,32631.97,31922.58,31980.89,1584226,31887.597999999998,29724.765666666677,33223.32177777779
2019-01-25,32923.5,33195.6,32748.59,32933.22,1406817,32503.697999999997,29863.566666666677,33172.36477777779
2019-01-24,32466.78,32942.94,32194.68,32923.5,1528246,32513.415999999997,30000.100000000013,33106.042666666675
2019-01-23,32291.85,33001.24,32175.24,32729.14,1672313,32616.422,30103.755000000012,33033.93877777779
2019-01-22,32641.69,33010.96,32330.73,32748.59,1791271,32663.067999999992,30188.62300000001,32968.088
2019-01-21,33574.58,33652.33,32719.43,32787.46,1980411,32824.382,30298.433000000008,32908.92566666667
2019-01-18,31922.58,33059.55,31912.87,32894.35,2335948,32816.60799999999,30410.18633333334,32848.865444444455
2019-01-17,31456.13,32311.28,31242.34,32214.11,2770208,32674.729999999992,30483.393000000004,32793.54055555556
2019-01-16,30941.1,31077.15,30231.71,31038.27,1865774,32336.555999999993,30531.98133333334,32715.60133333334
2019-01-15,29765.25,31184.03,29745.82,30834.2,2954820,31953.677999999996,30544.93833333334,32633.418888888897
2019-01-11,29395.99,29522.32,29133.61,29473.72,1236097,31290.93,30540.403333333335,32539.412888888903
2019-01-10,29493.16,29891.58,28895.52,28953.83,2079714,30502.825999999994,30523.397333333334,32433.483555555566
2019-01-09,29580.62,30105.38,29021.85,29862.43,1966725,30032.48999999999,30546.072000000004,32336.00333333335
2019-01-08,28876.09,29347.39,28764.33,29172.48,1711005,29659.331999999995,30549.79733333334,32235.028111111125
2019-01-07,28501.95,28914.96,28293.03,28832.36,1990495,29258.96399999999,30549.63533333334,32126.432000000015
2019-01-04,27607.93,27821.72,26645.88,27238.65,2655984,28811.94999999999,30506.067333333343,32005.067333333343
2018-12-28,28215.28,28623.43,28088.95,28458.23,2103898,28712.829999999994,30493.43433333334,31901.095333333345
2018-12-27,28778.91,28866.37,28195.85,28482.52,2427328,28436.84799999999,30495.377666666678,31800.68611111112
2018-12-26,27695.39,27831.44,26777.07,27321.26,3006170,28066.603999999992,30440.472666666676,31684.84944444445
2018-12-25,27287.25,27777.99,26291.19,26986.0,3487046,27697.331999999995,30368.40000000001,31570.99533333334
2018-12-21,29153.04,29357.11,28025.79,28205.57,2906455,27890.715999999997,30361.597666666672,31479.582888888894
2018-12-20,28472.8,30153.96,28404.78,29357.11,3322501,28070.492,30391.72233333334,31395.147888888896
2018-12-19,30008.2,30095.66,28948.97,29153.04,2719270,28204.596,30413.911000000007,31312.72611111112
2018-12-18,30406.62,30455.21,29755.54,30115.09,2089491,28763.362,30462.01333333334,31241.323111111116
2018-12-17,31096.58,31475.56,30610.69,31164.6,1630019,29599.082000000002,30488.898666666668,31181.47155555556
2018-12-14,31922.58,32087.78,30377.47,31067.43,2552358,30171.453999999998,30479.505000000005,31123.174666666673
2018-12-13,31873.99,32418.18,31485.29,31903.15,1846840,30680.662,30547.852666666673,31070.10233333334
2018-12-12,31592.18,32097.5,31368.68,31757.38,1796004,31201.53,30510.601666666673,31014.422444444448
2018-12-11,32175.24,32486.21,31621.34,31699.07,2145265,31518.326,30493.43366666667,30949.533111111115
2018-12-10,31271.5,32612.54,31271.5,31903.15,2206699,31666.036,30473.026666666672,30881.313444444448
2018-12-07,31417.26,31961.45,31038.27,31951.74,2231911,31842.897999999997,30472.055000000004,30819.231555555565
2018-12-06,31883.71,32107.22,30678.72,31018.83,2633447,31666.034000000003,30408.242000000006,30755.89433333334
2018-12-05,31290.93,32680.56,31242.34,32340.44,2027747,31782.646,30388.806666666667,30691.984555555566
2018-12-04,33360.8,33613.46,31971.17,32068.35,2949057,31856.502,30366.780333333336,30618.026777777788
2018-12-03,34070.19,34089.62,33419.1,33856.4,1483070,32247.152000000002,30403.707333333336,30617.171444444455
2018-11-30,33904.99,33992.44,33166.44,33632.89,2870027,32583.382000000005,30431.88833333334,30608.564000000013
2018-11-29,33506.56,34206.24,33380.23,33875.84,3076660,33154.78400000001,30464.60466666667,30606.717333333345
2018-11-28,32019.75,32748.59,31835.12,32554.23,1800121,33197.54200000001,30475.942000000003,30592.16177777779
2018-11-27,31980.89,32126.65,31174.32,31757.38,1860012,33135.34800000001,30499.912333333337,30575.667444444454
2018-11-26,31145.16,31912.87,31038.27,31407.54,2247244,32645.576000000012,30519.02366666667,30562.969444444454
2018-11-22,30600.97,30727.3,29843.0,30523.24,2256814,32023.646000000008,30554.007666666676,30540.775222222233
2018-11-21,29444.57,30649.57,29201.63,30144.24,3244602,31277.32600000001,30593.68800000001,30510.85744444446
2018-11-20,31290.93,31388.11,30221.99,30338.59,3270225,30834.198000000004,30609.560000000005,30490.014222222235
2018-11-19,31563.03,32486.21,31271.5,32165.52,2474459,30915.826,30709.328000000005,30482.884333333346
2018-11-16,33982.73,34235.39,30464.93,30960.53,5051206,30826.424,30780.267000000007,30470.70777777779
2018-11-15,34011.88,34371.44,33953.58,34060.47,1042429,31533.870000000003,31007.661000000007,30493.084777777793
2018-11-14,34488.05,34575.5,34050.76,34371.44,1323567,32379.310000000005,31204.768000000007,30523.636777777792
2018-11-13,34303.42,34750.43,33904.99,34556.07,1628578,33222.806000000004,31407.219666666675,30557.228111111126
2018-11-12,35041.96,35819.37,35032.24,35265.46,1261721,33842.79400000001,31672.02633333334,30602.65300000001
2018-11-09,36120.61,36499.61,35207.16,35411.22,1604499,34732.93200000001,31952.867000000006,30647.831444444455
2018-11-08,35761.07,36441.3,35508.4,36373.28,1945834,35195.494000000006,32225.124000000007,30707.870555555568
2018-11-07,34507.48,35518.12,34429.74,34973.93,2136724,35315.992000000006,32412.351333333343,30752.032000000014
2018-11-06,34031.32,34507.48,33759.23,34342.28,1107054,35273.234000000004,32585.32600000001,30804.831333333346
2018-11-05,34546.35,34847.6,33856.4,34002.16,1586387,35020.57400000001,32714.89500000001,30851.15222222224
2018-11-02,34215.95,35168.29,34060.47,34954.5,1983190,34929.23,32841.22500000001,30910.430111111127
2018-11-01,34138.21,34594.95,33623.18,34322.85,1758856,34519.14400000001,32949.73900000001,30951.784333333348
2018-10-31,34429.74,34478.33,32661.13,34167.37,3435388,34357.83200000001,33025.21300000001,30985.68833333335
2018-10-30,33331.65,34449.18,33020.67,34254.82,1777071,34340.34000000001,33108.461,31030.605555555572
2018-10-29,34497.77,34653.25,33205.32,33691.2,1966004,34278.148,33174.86533333334,31078.006222222237
2018-10-26,35032.24,35304.34,32933.22,33827.24,2434840,34052.696,33239.00166666667,31120.871888888905
2018-10-25,34730.99,35527.84,34439.46,34449.18,2054502,34077.962,33322.24966666668,31173.023444444465
2018-10-24,36732.83,36810.57,36091.46,36091.46,1409081,34462.78,33491.337333333344,31254.38200000002
2018-10-23,36732.83,37199.28,36295.54,36460.74,1172090,34903.96399999999,33628.680666666674,31339.1957777778
2018-10-22,36441.3,37228.43,36081.75,36975.78,1541623,35560.87999999999,33792.26166666668,31420.932333333352
2018-10-19,37898.95,37908.67,36635.65,36995.21,2530748,36194.473999999995,33896.88866666667,31496.40633333335
2018-10-18,38763.83,39045.64,38452.86,38520.89,1067025,37008.81599999999,34059.82200000001,31596.714444444464
2018-10-17,38870.72,39094.23,38540.32,38647.21,1238876,37519.96599999999,34218.86766666668,31697.88622222224
2018-10-16,37898.95,38520.89,37821.22,38413.99,1252151,37910.615999999995,34414.193000000014,31791.176000000018
2018-10-15,38540.32,38618.06,37966.98,38083.59,1428530,38132.17799999999,34625.06666666669,31885.653444444462
2018-10-12,37315.89,39016.49,37296.46,38870.72,1914037,38507.27999999999,34873.83933333335,31979.267111111127
2018-10-11,36975.78,37811.49,36868.88,37558.84,2086609,38314.869999999995,35108.359333333356,32067.590111111123
2018-10-10,39171.97,39424.63,38316.81,38773.54,1583403,38340.136,35396.00266666669,32171.02933333335
2018-10-09,39920.23,39920.23,38861.01,39006.77,1718311,38458.691999999995,35684.942000000025,32280.19133333335
2018-10-05,39356.6,40124.3,39298.3,40017.41,1625902,38845.456,35946.67166666668,32401.932333333352
2018-10-04,40590.75,40853.13,39560.68,39638.41,2688193,38998.994,36235.93433333335,32521.945555555572
2018-10-03,41096.07,41134.94,40163.17,40163.17,1705551,39519.86,36439.357666666685,32651.028666666683
2018-10-02,41202.97,41348.73,40814.26,40989.18,1666652,39962.988,36659.949000000015,32786.05044444446
2018-10-01,40425.55,41037.76,40328.37,40853.13,1814013,40332.26,36869.85100000001,32924.149444444454
2018-09-28,40124.3,40493.58,39910.51,40289.5,1664492,40386.678,37037.31900000001,33049.93933333334
2018-09-27,40299.22,40532.45,39618.98,39677.29,1689292,40394.454000000005,37179.521333333345,33166.92944444445
2018-09-26,40522.73,40901.71,40017.41,40231.2,1906216,40408.06000000001,37308.118666666676,33298.28011111112
2018-09-25,39939.67,40464.42,39755.03,40425.55,1987305,40295.33400000001,37489.839333333344,33431.30433333334
2018-09-21,40522.73,41164.09,40221.48,40542.16,2960995,40233.14000000001,37696.50200000001,33565.24633333334
2018-09-20,39210.84,40814.26,39084.51,40736.51,4406195,40322.54200000001,37920.98033333335,33699.29622222223
2018-09-19,38433.43,38929.02,38345.96,38870.72,2092784,40161.22800000001,38051.521000000015,33793.88155555556
2018-09-18,37218.71,38239.07,36946.62,37947.54,1944599,39704.49600000001,38172.34400000001,33867.196
2018-09-14,37082.67,37286.74,36499.61,37053.52,2125919,39030.090000000004,38268.549000000006,33947.2048888889
2018-09-13,38239.07,38734.67,37481.09,37646.29,1583094,38450.916000000005,38381.598000000005,34000.220222222226
2018-09-12,38647.21,38812.42,38112.75,38229.35,1494492,37949.484000000004,38532.86966666668,34067.05622222223
2018-09-11,37792.06,38239.07,37626.86,38044.72,1341576,37784.284,38673.45233333334,34128.493555555564
2018-09-10,37393.63,37792.06,37092.38,37549.12,1412477,37704.6,38776.783666666684,34190.36277777779
2018-09-07,36606.5,37607.42,36538.47,37442.22,1807221,37782.340000000004,38821.809000000016,34240.462777777786
2018-09-06,37082.67,37733.75,36645.37,37140.98,3334644,37681.278000000006,38844.48366666668,34287.32366666668
2018-09-05,38482.01,38899.87,38219.63,38530.61,1546460,37741.53,38896.31133333335,34351.78444444445
2018-09-04,39016.49,39035.92,38132.18,38627.78,1809486,37858.142,38950.730333333355,34417.10877777779
2018-09-03,38870.72,39405.2,38676.37,38958.19,2029496,38139.956,38965.30700000002,34485.67244444445
2018-08-31,38394.56,39171.97,38064.15,39026.2,2459126,38456.75199999999,38977.940000000024,34553.804111111116
2018-08-30,38482.01,38861.01,38229.35,38861.01,3780017,38800.757999999994,38992.84066666669,34627.65855555556
2018-08-29,37471.38,38200.2,37471.38,38122.46,1740538,38719.12799999999,38994.13633333335,34706.371777777786
2018-08-28,37889.24,38122.46,37432.51,37578.27,1767294,38509.22599999999,38951.054666666685,34781.30588888889
2018-08-27,36898.03,37830.93,36888.32,37753.19,1984218,38268.22599999999,38957.53300000002,34873.3
2018-08-24,36538.47,36800.85,36441.3,36800.85,1363391,37823.155999999995,38891.77666666669,34960.489111111114
2018-08-23,36703.68,36898.03,36314.97,36344.12,1475661,37319.77799999999,38803.02166666669,35032.50788888889
2018-08-22,35819.37,36548.19,35799.93,36499.61,1686411,36995.20799999999,38685.761666666695,35113.92044444444
2018-08-21,35634.73,36237.23,35362.64,35955.42,2251051,36670.63799999999,38562.99533333336,35193.06555555556
2018-08-20,34400.59,35712.48,34361.72,35634.73,2191263,36246.945999999996,38412.047333333365,35286.35533333333
2018-08-17,33526.0,34497.77,33312.21,34439.46,1866701,35774.66799999999,38193.723333333364,35352.813444444444
2018-08-16,32942.94,34157.65,32777.74,33526.0,2617600,35211.043999999994,37949.4856666667,35408.85211111111
2018-08-15,34789.3,34789.3,33477.41,33866.11,2131682,34684.344,37735.372666666706,35481.57266666667
2018-08-14,34789.3,34993.36,34604.66,34896.19,995916,34472.498,37576.0026666667,35569.46366666666
2018-08-13,35080.83,35100.26,34420.02,34672.68,1766574,34280.087999999996,37390.7186666667,35641.32044444445
2018-08-10,36324.69,36392.71,35430.67,35469.54,1466914,34486.104,37225.51833333336,35709.23633333334
2018-08-09,35576.43,36392.71,35518.12,36344.12,1295885,35049.727999999996,37085.58366666671,35789.13722222223
2018-08-08,36130.34,36188.64,35488.97,36072.03,1436248,35490.912,36930.10100000004,35855.32544444445
2018-08-07,35955.42,36276.11,35683.32,36188.64,1321303,35749.402,36840.69833333337,35911.14811111112
2018-08-06,37179.85,37257.59,35848.53,35848.53,2282438,35984.572,36770.73133333337,35964.27144444444
2018-08-03,37471.38,38025.28,37072.95,37179.85,2216373,36326.634000000005,36774.942333333376,36022.90144444445
2018-08-02,37947.54,38073.87,36810.57,37140.98,2853047,36486.00600000001,36758.0986666667,36082.71922222223
2018-08-01,36927.18,38219.63,36645.37,37996.13,4719028,36870.82600000001,36750.3246666667,36152.68655555556
2018-07-31,35799.93,36382.99,35129.41,35722.2,2987544,36777.538,36672.907333333365,36195.12044444445
2018-07-30,36587.07,36946.62,36256.66,36480.17,1175281,36903.865999999995,36637.27566666669,36245.43633333334
2018-07-27,36868.88,37092.38,36625.94,36830.01,1433264,36833.898,36616.86866666669,36310.005000000005
2018-07-26,36392.71,37111.82,36198.36,36519.04,2063764,36709.509999999995,36596.13733333336,36356.43388888889
2018-07-25,35858.25,36178.93,35595.87,36101.18,1313276,36330.52,36515.156333333354,36401.243111111115
2018-07-24,35216.87,36013.73,34983.65,35984.57,1511574,36382.99399999999,36427.04933333336,36424.889444444445
2018-07-23,35897.11,36052.6,35284.9,35343.2,1262132,36155.6,36306.54966666669,36443.89288888889
2018-07-20,36237.23,36373.28,35897.11,36266.38,1423488,36042.873999999996,36214.55566666669,36470.45444444445
2018-07-19,35741.63,36305.26,35508.4,36130.34,1618699,35965.134,36123.533333333355,36510.189000000006
2018-07-18,36771.7,36898.03,35401.51,35595.87,2403557,35864.072,36039.3136666667,36552.838888888895
2018-07-17,36509.32,36810.57,35731.91,36334.41,2614409,35934.03999999999,35997.85166666669,36607.5818888889
2018-07-13,35168.29,35663.89,34993.36,35450.1,1800121,35955.42,35921.08200000003,36662.32477777778
2018-07-12,34711.55,35022.52,34225.67,34808.73,1377901,35663.89,35854.67800000003,36714.152444444444
2018-07-11,34342.28,34711.55,33973.01,34517.2,1401157,35341.261999999995,35793.78066666669,36760.58144444445
2018-07-10,35032.24,35216.87,34371.44,34507.48,1567040,35123.583999999995,35727.37633333335,36786.60322222223
2018-07-09,34011.88,34643.53,33856.4,34594.95,1449523,34775.691999999995,35682.02733333335,36826.985666666675
2018-07-06,33856.4,34070.19,32942.94,33739.79,2342432,34433.63,35618.86266666669,36823.42255555556
2018-07-05,33341.36,34283.97,33253.9,33768.94,2205670,34225.672,35596.51200000002,36816.72811111112
2018-07-04,35012.81,35080.83,33253.9,33535.71,3128730,34029.373999999996,35596.83566666669,36805.390777777786
2018-07-03,34993.36,35595.87,34750.43,35401.51,1899219,34208.18,35648.01566666668,36806.90244444445
2018-07-02,34896.19,35547.27,34633.81,34740.71,1458681,34237.331999999995,35642.83300000001,36799.452333333335
2018-06-29,35343.2,35498.69,34604.66,35178.01,1507664,34524.975999999995,35659.67733333335,36786.17155555556
2018-06-28,34507.48,35100.26,34118.77,35012.81,1606556,34773.74999999999,35644.453000000016,36786.60355555556
2018-06-27,34983.65,35469.54,34517.2,34546.35,1629298,34975.878,35584.52733333335,36788.87100000001
2018-06-26,34983.65,35391.79,34556.07,35051.68,1699171,34905.912,35550.51566666668,36800.53233333334
2018-06-25,35178.01,35547.27,34983.65,35090.54,1193083,34975.878,35513.912333333355,36802.0438888889
2018-06-22,35469.54,35945.7,35100.26,35450.1,2101016,35030.295999999995,35500.63133333335,36814.5688888889
2018-06-21,36246.94,36480.17,34915.63,35683.32,2960995,35164.398,35450.74700000002,36831.41277777778
2018-06-20,34556.07,35712.48,34342.28,35615.3,2858295,35378.187999999995,35399.891000000025,36846.52922222223
2018-06-19,35420.94,35916.55,34905.91,35041.96,2490306,35376.24399999999,35301.418666666694,36861.53766666667
2018-06-18,36917.47,37102.1,35770.78,35926.26,2453775,35543.38799999999,35308.2206666667,36884.860111111106
2018-06-15,36616.22,37267.31,36392.71,36693.97,3315297,35792.162,35315.34733333336,36909.80222222222
2018-06-14,36927.18,37053.52,36081.75,36081.75,4621267,35871.84799999999,35290.405333333365,36909.69433333333
2018-06-13,39473.22,39521.81,37277.03,38015.57,5727601,36351.90199999999,35340.28966666669,36926.97022222222
2018-06-12,40619.9,40619.9,39793.91,40532.45,1792711,37449.99999999999,35487.998666666695,36966.48877777778
2018-06-11,40289.5,40668.5,39648.14,40464.42,1493773,38357.632,35637.32700000003,37005.03555555555
2018-06-08,39842.49,40697.65,39842.49,40415.83,2273793,39102.004,35806.41466666669,37026.09044444444
2018-06-07,38384.84,39871.64,38297.38,39813.34,3111854,39848.322,35924.646666666704,37039.04744444444
2018-06-06,39745.31,39793.91,38054.44,38491.73,3674745,39943.554,36003.3596666667,37039.91122222222
2018-06-05,39560.68,40406.12,39395.48,39706.44,3594788,39778.352,36140.37866666669,37057.94288888888
2018-06-04,41309.86,41543.08,39327.45,39327.45,4129895,39550.958000000006,36240.1466666667,37063.01766666666
2018-06-01,43253.4,43311.71,41980.38,41980.38,2244157,39863.868,36457.82266666669,37112.14588888888
2018-05-31,43438.03,43729.56,42378.81,43729.56,2871158,40647.11200000001,36755.18366666669,37167.21277777777
2018-05-30,40911.43,42991.02,40775.39,42991.02,4536062,41546.97,37037.64433333336,37211.482222222214
2018-05-29,40629.62,41358.45,40493.58,41202.97,1548518,41846.276,37260.82733333336,37224.655111111104
2018-05-28,40717.08,40979.46,40347.8,40425.55,1769558,42065.89599999999,37455.180666666696,37233.4011111111
2018-05-25,40872.56,41630.55,40532.45,41270.99,2341299,41924.018,37706.2206666667,37245.71022222222
2018-05-24,41698.57,41999.81,41232.12,41309.86,2460052,41440.077999999994,37957.5846666667,37249.27333333332
2018-05-23,42563.44,42952.15,42077.56,42301.06,2013443,41302.085999999996,38249.763000000035,37265.36144444444
2018-05-22,43243.68,43535.21,42505.14,43059.05,1817409,41673.301999999996,38505.01433333337,37296.134222222216
2018-05-21,44137.7,44157.15,43146.5,43243.68,2280174,42236.92799999999,38788.4466666667,37335.76077777777
2018-05-18,45371.85,45381.57,44293.18,44409.8,1869067,42864.68999999999,39096.17300000004,37382.18966666666
2018-05-17,44711.04,45323.26,44419.51,45264.95,1466811,43655.708,39437.91100000004,37435.96077777777
2018-05-16,44944.27,45012.3,44536.13,44575.0,1094088,44110.496,39772.19933333337,37480.7701111111
2018-05-15,44808.22,44992.86,44526.41,44701.33,916474,44438.952000000005,40093.854333333366,37524.82366666666
2018-05-14,44866.54,44895.69,44409.8,44623.59,1023289,44714.933999999994,40411.622666666706,37588.74444444443
2018-05-11,44419.51,44895.69,44264.03,44798.51,1291872,44792.676,40723.23633333337,37664.86633333332
2018-05-10,45070.6,45245.52,43923.92,44215.45,1756694,44582.776,41007.640666666695,37744.44333333332
2018-05-09,45896.61,46129.83,44866.54,44934.55,1788493,44654.686,41318.282333333365,37825.423999999985
2018-05-08,45284.4,45906.32,45167.78,45906.32,1591429,44895.683999999994,41680.4276666667,37910.72366666665
2018-05-07,45216.37,45274.67,44944.27,45226.08,1289917,45016.182,41990.421666666705,37990.516555555536
2018-05-02,44856.81,45255.24,44759.64,44876.25,1419269,45031.73,42263.16433333337,38071.929111111094
2018-05-01,45177.5,45430.16,44730.49,44856.81,1701332,45160.002,42555.66633333337,38154.31344444442
2018-04-27,43729.56,45430.16,43700.41,44866.54,3396284,45146.4,42784.032000000036,38240.15299999998
2018-04-26,45060.89,45109.47,43885.05,44147.42,2593623,44794.619999999995,42904.53100000004,38302.56199999998
2018-04-25,44681.89,45158.07,44604.16,45060.89,1901895,44761.581999999995,43057.7466666667,38374.04099999998
2018-04-24,45148.35,45255.24,44720.77,44992.86,2008607,44784.903999999995,43210.31433333337,38441.092888888874
2018-04-23,44720.77,45128.9,44254.32,44992.86,2855929,44812.11399999999,43382.96500000004,38507.38911111109
2018-04-20,42884.12,44691.61,42835.53,44604.16,3242749,44759.63799999999,43586.7126666667,38571.20188888887
2018-04-19,43292.26,43622.67,42845.25,42913.28,1552531,44512.81,43693.60733333337,38624.43322222221
2018-04-18,43165.93,43340.86,42446.82,43185.38,2375464,44137.708,43822.20500000004,38686.734444444424
2018-04-17,43195.09,43787.87,42923.0,43165.93,1607071,43772.322,43861.72333333337,38746.87599999998
2018-04-16,44118.27,44166.86,43350.58,43408.88,1371521,43455.526,43851.03400000003,38820.298555555535
2018-04-13,43885.05,44302.91,43671.26,44001.65,1615921,43335.024,43884.72166666669,38905.3822222222
2018-04-12,43729.56,43943.35,43438.03,43467.19,1495007,43445.806,43960.195666666696,38982.79977777776
2018-04-11,44021.1,44322.34,43428.31,43428.31,1738377,43494.392,44060.28766666669,39065.83188888887
2018-04-10,44477.83,44536.13,43700.41,43778.15,2185604,43616.835999999996,44143.85966666669,39156.314333333314
2018-04-09,43438.03,44487.54,43175.66,44234.88,1929987,43782.036,44241.36033333335,39265.15233333331
2018-04-06,43710.12,44244.6,43214.53,43855.89,2516650,43752.884000000005,44293.18800000001,39379.92888888887
2018-04-05,44477.83,44847.09,43817.02,44196.01,2206185,43898.648,44331.08666666668,39494.705555555534
2018-04-04,45235.8,45313.55,43904.48,44021.1,2716286,44017.20599999999,44357.00066666668,39596.09344444443
2018-04-03,45498.18,45575.93,44798.51,44963.71,2958834,44254.318,44375.464333333344,39710.4382222222
2018-04-02,45673.1,46596.28,45614.79,46372.77,1848487,44681.89599999999,44412.391666666685,39831.5852222222
2018-03-30,45653.66,46081.24,45391.28,45537.05,2267311,45018.12799999999,44444.460000000014,39933.728888888865
2018-03-29,45556.48,45653.66,45041.45,45342.7,1982674,45247.46599999999,44465.839000000014,40036.73633333331
2018-03-28,45478.75,45974.34,45002.58,45332.98,2845329,45509.84199999999,44489.485333333345,40138.34011111109
2018-03-27,46351.75,46824.04,45686.7,46158.99,3128792,45748.897999999994,44534.83466666668,40252.90077777776
2018-03-26,45542.11,45725.24,44318.02,45677.05,3378207,45609.754,44583.55466666668,40347.31411111109
2018-03-23,45975.86,46322.85,45705.97,45946.93,2718356,45691.73,44617.30066666668,40445.15799999998
2018-03-22,46785.5,47305.97,46534.88,47209.58,2520402,46065.10600000001,44660.74266666667,40547.52966666665
2018-03-20,46139.7,46525.25,45474.64,46486.69,2943807,46295.848000000005,44702.763000000006,40667.13511111109
2018-03-19,47354.16,47710.78,46428.86,46573.44,2690552,46378.73800000001,44759.336,40779.28255555554
2018-03-16,47460.19,48077.05,47199.94,47219.22,3409436,46687.172000000006,44838.083,40894.71822222221
2018-03-15,46351.75,47402.35,46342.11,47267.41,2411775,46951.268000000004,44918.111999999994,41014.14455555554
2018-03-14,46650.55,46910.79,46216.82,46477.05,1785435,46804.762,44995.76633333333,41129.431999999986
2018-03-13,46313.2,47026.45,46091.52,47016.82,1992521,46910.788,45060.96400000001,41252.01255555554
2018-03-12,47180.67,47383.08,46419.22,46650.55,2601016,46926.21,45116.22033333334,41377.649777777755
2018-03-09,46987.9,47228.86,45918.03,46371.03,3623473,46756.57199999999,45162.15933333334,41489.92366666665
2018-03-08,45339.71,46236.09,45127.66,46236.09,2915482,46550.30799999999,45216.55700000001,41602.20977777775
2018-03-07,45349.35,45445.73,44375.86,44433.69,3347705,46141.636,45267.23733333334,41700.40777777776
2018-03-06,45571.04,46438.51,45474.64,45802.36,3339821,45898.74399999999,45354.47000000001,41805.60722222219
2018-03-05,46612.0,46679.46,44289.1,44452.95,3728053,45459.224,45397.37066666668,41905.63888888886
2018-03-02,45397.54,47016.82,45378.26,46843.33,3237626,45553.684,45511.85233333335,42039.356666666645
2018-03-01,46746.93,46901.16,46332.48,46448.14,2446221,45596.094,45593.40200000002,42171.92266666664
2018-02-28,47460.19,47701.15,47055.37,47305.97,2812043,46170.55,45721.36133333335,42314.12811111109
2018-02-27,47614.4,47980.67,47238.5,47643.32,3329964,46538.742000000006,45861.861666666686,42459.10999999997
2018-02-26,47180.67,47681.87,46756.57,47007.17,2830719,47049.585999999996,45969.495666666684,42606.5253333333
2018-02-23,45831.27,46669.83,45802.36,46612.0,3052847,47003.31999999999,46048.73300000002,42749.22599999997
2018-02-22,45879.46,46332.48,45175.86,45474.64,2739107,46808.619999999995,46102.69133333336,42881.880777777755
2018-02-21,45407.18,46207.18,45012.0,46043.33,3174546,46556.092,46164.26866666669,43000.1232222222
2018-02-20,44905.97,45638.51,44790.3,45262.59,2383244,46079.945999999996,46205.651666666694,43117.032999999974
2018-02-19,44375.86,45098.74,44240.92,45098.74,1929545,45698.259999999995,46210.15266666669,43227.263333333314
2018-02-16,44501.15,44578.26,43903.57,44183.08,2253660,45212.476,46137.16300000003,43329.1552222222
2018-02-15,43383.08,44250.55,43296.33,44183.08,3221545,44954.164000000004,46092.030666666695,43436.22999999998
2018-02-14,42968.63,43518.02,42284.29,42708.38,3100572,44287.174,46004.22000000002,43521.304444444424
2018-02-13,42602.36,43672.24,42419.23,42795.13,3515572,43793.682,45919.62500000002,43606.91099999998
2018-02-09,40877.07,41792.72,40674.65,41763.81,3486626,43126.696,45773.11900000003,43677.06333333331
2018-02-08,43373.45,43469.82,42120.43,42718.02,3531447,42833.683999999994,45674.48466666669,43755.22666666665
2018-02-07,44337.29,44954.17,43277.06,43286.7,3813854,42654.407999999996,45585.81033333336,43840.46444444443
2018-02-06,43190.31,44067.42,41561.4,42862.6,5537973,42685.25199999999,45440.91100000003,43927.36044444443
2018-02-05,44462.59,45465.01,44395.12,45214.4,2571861,43169.10599999999,45398.501333333355,44030.56199999998
2018-02-02,46689.1,46987.9,45252.96,45465.01,3452492,43909.346,45361.553666666696,44128.01799999998
2018-02-01,47999.94,47999.94,45542.11,46477.05,6606186,44661.151999999995,45336.814666666694,44243.52133333331
2018-01-31,44915.61,46814.4,44886.7,46236.09,3271760,45251.02999999999,45302.43733333337,44334.86044444442
2018-01-30,46072.23,46072.23,45310.79,45310.79,2107061,45740.66799999999,45263.562000000034,44387.953111111085
2018-01-29,46708.38,46843.33,46033.69,46168.62,1763440,45931.511999999995,45235.288666666704,44451.33311111109
2018-01-26,46621.63,46785.5,46178.26,46486.69,2170452,46135.848,45229.8266666667,44518.78711111109
2018-01-25,45956.57,46689.1,45532.47,46043.33,3250595,46049.10400000001,45218.903333333365,44588.0092222222
2018-01-24,47807.17,48173.43,46216.82,46881.87,4103109,46178.26,45240.42933333337,44681.23299999998
2018-01-23,46650.55,47971.03,46477.05,47797.54,4044076,46675.61,45352.557666666704,44771.134111111096
2018-01-22,46409.58,47421.63,46371.03,46698.74,3980789,46781.634000000005,45382.437000000034,44853.03733333332
2018-01-19,45330.06,46631.27,45320.42,46573.44,5289181,46798.98400000001,45453.12000000003,44904.07133333332
2018-01-18,44587.9,45108.39,44144.53,44684.28,4720423,46527.17400000001,45381.1516666667,44914.67933333331
2018-01-17,42987.9,43758.98,42968.63,43652.96,2014620,45881.392000000014,45287.979000000036,44922.0342222222
2018-01-16,43277.06,43585.48,42698.75,43479.47,1943343,45017.778000000006,45160.42900000003,44947.328666666646
2018-01-15,43363.81,43691.52,43036.1,43238.5,2006113,44325.73,45013.6016666667,44978.58366666665
2018-01-12,42804.77,43431.28,42718.02,43007.18,2428376,43612.478,44880.2686666667,44997.87466666665
2018-01-11,42274.65,42544.53,42120.43,42525.25,1611862,43180.672000000006,44744.0436666667,45011.378999999986
2018-01-10,41821.64,42698.75,41445.73,42631.28,2538351,42976.336,44649.265000000036,45015.04811111109
2018-01-09,41445.73,41898.74,41156.58,41580.67,2305432,42596.57600000001,44500.5096666667,44998.62166666665
2018-01-05,42024.05,42043.32,40963.8,41069.83,2587424,42162.842000000004,44360.75100000003,44974.46777777776
2018-01-04,40597.55,41686.71,40308.39,41648.14,3027117,41891.03400000001,44245.73100000003,44943.78266666665
